name_google,name_foursquare,ratio_name,address_google,address_foursquare,ratio_address
Tommy's,Tommy's,100,"3750 Broadway, New York","New York, New York",95
Grandma's Margherita Pizza & Pasta,Margherita Pizza,90,"3750 Broadway #2, New York","New York, New York",95
Road to philly,Good to Go Restaurant,86,"3750 Broadway, New York","New York, New York",95
Big City Burger,Dragon City Chinese Restaurant,86,"3750 Broadway, New York","New York, New York",95
Uptown Melt,Uptown African Restaurant,86,"3750 Broadway, New York","New York, New York",95
Harlem Public,El Nuevo Harlem Restaurant,86,"3612 Broadway, New York","New York, New York",95
Teddy's F&B Bar,El Morro Restaurant & Bar,86,"256 E112th street, New York",New York,90
Sidewalk Tacos,Tacos Puebla Restaurant,86,"2163 2nd Avenue, New York","New York, New York",95
Indo Pak Halal,Indo Pak Halal Restaurant,90,"2173 2nd Avenue #2909, New York",2173 2nd Ave,90
Made In Mexico Harlem,Mexico 2000,86,"2161 2nd Avenue, New York","New York, New York",95
Brother’s bakery Café,bakery,90,"2155 2nd Avenue, New York","New York, New York",95
Mountain Bird,Blue Mountain Restaurante,86,"2162 2nd Avenue, New York","New York, New York",95
GAUDir,Gaudio's Pizzeria & Restaurant,75,"251 East 110th Street, New York",New York,90
Sushi Lemon Life,Ginpachi Sushi Restaurant,86,"255 East 110th Street, New York",New York,90
La Nostra Pizzeria,La Strada Pizzeria & Restaurant,86,"2146 2nd Avenue #3207, New York",New York,90
Halal Kitchen,Halal Kitchen,100,"2135 2nd Avenue #2, New York",2135 2nd Ave,90
Las Panteras Negras,Las Panteras Negras,100,"2130 2nd Avenue, New York","New York, New York",95
Cascalote,Pascalou,71,"2126 2nd Avenue, New York","New York, New York",95
Dragon Town,Dragon Town Chinese Restaurant,90,"2030 3rd Avenue, New York","New York, New York",95
Amor Cubano,Cuba,90,"2018 3rd Avenue, New York","New York, New York",95
Pee Dee Steak House,Hunan House Chinese Restaurant,86,"2006 3rd Avenue, New York","New York, New York",95
El Chevere,El Morro Restaurant & Bar,86,"2000 3rd Avenue, New York","New York, New York",95
Rong Sheng,New Rong Cheng Restaurant,86,"2102 2nd Avenue, New York","New York, New York",95
New Good Taste,Good Taste,95,"1974 2nd Avenue A, New York",1974 2nd Ave,90
China Gourmet,China Gourmet Chinese Restaurant,90,"2014 2nd Avenue, New York","New York, New York",95
Malii Thai Kitchen,Mekong Thai & Vietnamese Restaurant,86,"2028 2nd Avenue, New York","New York, New York",95
Bindaas Modern Indian,C B Finger Licking Jamaican and West Indian Restaurant,86,"2036 2nd Avenue, New York","New York, New York",95
Spice Hut,Spice Hut Restaurant,90,"2036 2nd Avenue, New York","New York, New York",95
Mj Pizza,MJ's Pizza,95,"1976 1st Avenue, New York","New York, New York",95
Lupitas,Lupita Food Corp.,79,"2049 2nd Avenue, New York","New York, New York",95
Dave's Marketplace,Theresa's Polish American Restaurant,86,"1944 1st Avenue, New York","New York, New York",95
Bangklyn East Harlem,East Dynasty Chinese Restaurant,86,"2051 2nd Avenue, New York","New York, New York",95
106 Fish Market,Fish Market,95,"2055 2nd Avenue, New York","New York, New York",95
Rano's Chicken Burgers,Theresa's Polish American Restaurant,86,"2041 1st Avenue, New York","New York, New York",95
Rano's Chicken & Burgers,Theresa's Polish American Restaurant,86,"2041 1st Avenue, New York","New York, New York",95
TRIPLE A1 RESTAURANT,Triple A Restaurant,97,"2061 2nd Avenue # 106, New York",2061 2nd Ave,90
Five Star,Star,90,"2039 1st Avenue, New York","New York, New York",95
Dreamer's Pizza,Pizza Pizza,95,"1850 3rd Avenue, New York","New York, New York",95
La Amistad,La Amistad Bakery And Restaurant,90,"2067 2nd Avenue, New York","New York, New York",95
McDonald,McDonald's,95,"2075 1st Avenue, New York","New York, New York",95
BM Deli Grocery,Deli Grocery,95,"1916 3rd Avenue # 1, New York",New York,90
San Cristobal,Restaurant San Cristobal,90,"339 East 108th Street, New York",New York,90
Hole in the Wall,The Golden Glass Restaurant,86,"445 East 35th Street, New York",New York,90
Bread & Butter,Center of Hope International Bread of Life Food Bank,86,"401 East 34th Street, New York",New York,90
Pizza & Pita Halal Food,Halal Food,90,"344 East 34th Street, New York",New York,90
Panini Cafe,Stars Cafe & Restaurant,86,"589 1st Avenue, New York","New York, New York",95
El Parador Cafe,El Morro Restaurant & Bar,86,"325 East 34th Street, New York",New York,90
Panini Natural Food,famous restaurant Chinese food,86,"589 1st Avenue, New York","New York, New York",95
Townhouse Diner,Diner,90,"696 2nd Avenue, New York","New York, New York",95
Bravest,Korean BBQ Restaurant,64,"700 2nd Avenue, New York","New York, New York",95
El Pote Español,El Pote,90,"718 2nd Avenue, New York","New York, New York",95
Montagu's Gusto,Theresa's Polish American Restaurant,86,"645 2nd Avenue, New York","New York, New York",95
Profit,Profit  Chinese Restaurant II,90,"643 2nd Avenue, New York","New York, New York",95
Profit,Profit  Chinese Restaurant II,90,"643 2nd Avenue, New York","New York, New York",95
Tacos Grand Central,Tacos Puebla,86,"711 2nd Avenue, New York","New York, New York",95
251 Ginza Sushi,Ginpachi Sushi Restaurant,86,"251 East 35th Street, New York",New York,90
Best Wingers,Best Food Restaurant,86,"711 2nd Avenue, New York","New York, New York",95
Gemini Diner,Diner,90,"641 2nd Avenue, New York","New York, New York",95
Lan Larb,Lan King Chinese Restaurant,86,"637 2nd Avenue, New York","New York, New York",95
Exotic Empanadas,Brick Lane Exotic Indian Restaurant,86,"635 2nd Avenue, New York","New York, New York",95
Antique Cafe & Bakery,bakery,90,"909 3rd Avenue, New York","New York, New York",95
Hillstone,Hillstone,100,"888 3rd Avenue, New York","New York, New York",95
Little Thai Kitchen,Little Bandgladesh Restaurant,86,"231 East 53rd Street, New York",New York,90
Souvlaki GR Kouzina,Lali,68,"231 East 53rd Street, New York",New York,90
D Napoli Pizza,Napoli pizza,95,"906 3rd Avenue, New York","New York, New York",95
Little Tong Noodle Shop,Little Sagion International Restaurant Group 小西龚越南美食集團,86,"235 East 53rd Street, New York",New York,90
Hudson Malone,The Shops & Restaurants at Hudson Yards,86,"218 East 53rd Street, New York",New York,90
P.J. Clarke's,Theresa's Polish American Restaurant,86,"915 3rd Avenue, New York","New York, New York",95
Go! Go! Curry! E 53rd St.,Perry St,86,"235 East 53rd Street 2nd and 3rd, 5th Avenue, New York",5th Avenue,90
OBAO,Bobo,75,"222 East 53rd Street, New York",New York,90
Angelo Bellini,Angelo Bellini,100,"224 East 53rd Street, New York",New York,90
Jukai,Ukrainian East Village Restaurant,72,"237 East 53rd Street, New York",New York,90
Kati Shop : Thai • Curry • Rice,Thai 101,86,"162 East 55th Street, New York",New York,90
Tomi Jazz,Tomi Sushi Japanese Restaurant,86,"239 East 53rd Street, New York",New York,90
Lucky Cat,Lucky,90,"232 East 53rd Street, New York",New York,90
7 Green & Grain,Green Pavilion Restaurant,86,"875 3rd Avenue, New York","New York, New York",95
Peking Duck House,Peking Duck House,100,"236 East 53rd Street, New York",New York,90
Halal Food,Halal Food,100,New York,New York,100
Delegates Dining Room,Neptune Room Restaurant and Bait Bar,86,"1 United Nations Plaza, New York",New York,90
Ambassador Grill & Lounge,Taipan Fusion Restaurant and Hookah Lounge,86,"Millennium Hilton, 1 United Nations Plaza, New York",New York,90
Tudor City Steakhouse,China City,86,"45 Tudor City Place, New York",45 Tudor City Pl,90
Peace Cafe,Peace Cafe & Restaurant,90,"342 East 47th Street, New York",New York,90
UN Plaza Grill,Golden Krust Caribbean Bakery and Grill,86,"845 United Nations Plaza, New York",New York,90
Mysttik Masaala,Mysttik Masaala (Indian Food Truck),90,"304 East 44th Street, New York",New York,90
XPL Halal Food Truck,XPL Halal Food Truck,100,"820 2nd Avenue, New York","New York, New York",95
Kaoru,Kar,75,"306 East 46th Street, New York",New York,90
The Palm - Palm Too,The Palm,90,"840 2nd Avenue, New York","New York, New York",95
La Trattoria Pizza,Pizza,90,"844 2nd Avenue, New York","New York, New York",95
Chelsea Bagel of Tudor City,China City,86,"800 2nd Avenue, New York","New York, New York",95
Calico's jack Cantina,Theresa's Polish American Restaurant,86,"800 2nd Avenue, New York","New York, New York",95
McFadden's Saloon,McFadden's Saloon,100,"800 2nd Avenue, New York","New York, New York",95
East Palace,C&L Of East Ocean Restaurant,86,"819 2nd Avenue, New York","New York, New York",95
John's Coffee Shop,John's Coffee Shop,100,"823 2nd Avenue, New York","New York, New York",95
Cafe Fresco,Stars Cafe & Restaurant,86,"1239 1st Avenue, New York","New York, New York",95
Greek Eats,The Greek Family Restaurant,86,"1229 1st Avenue, New York","New York, New York",95
Pizza Park,Pizza Park,100,"1233 1st Avenue #6309, New York",New York,90
Bagelworks,Glow,68,"1229 1st Avenue, New York","New York, New York",95
Java Girl,Java Indonesian Rijsttafel,86,"348 East 66th Street, New York",St 6,90
Mini Deli,Deli,90,"1266 2nd Avenue, New York","New York, New York",95
Mediterraneo,Mediterraneo,100,"1260 2nd Avenue, New York","New York, New York",95
Zawa Japanese,Yan Jing Chinese and Japanese Restaurant,86,"354 East 66th Street, New York",St 6,90
New Wong Asian Food,Asian Food,90,"1217 1st Avenue, New York","New York, New York",95
Tai Sheng,Yong Sheng Restaurant,86,"1217 1st Avenue, New York","New York, New York",95
Le Gourmet Manhattan,China Gourmet Chinese Restaurant,86,"1267 1st Avenue, New York","New York, New York",95
Donna Margherita,Villa Margherita Italian Restaurant,86,"1304A 2nd Avenue, New York","New York, New York",95
Kuu,Kubus,75,"1275 1st Avenue, New York","New York, New York",95
Za Za,Zaffran Party Hall & restaurant,86,"1207 1st Avenue, New York","New York, New York",95
Morso,Orso,89,"420 East 59th Street, New York",New York,90
Bistro Vendôme,Luna Asian Bistro and Japanese Rooftop Restaurant 日本料理,86,"405 East 58th Street, New York",New York,90
Amaze Fusion & Lounge,Taipan Fusion Restaurant and Hookah Lounge,86,"1066 1st Avenue, New York","New York, New York",95
Pa Pa Thai Cuisine,Mekong Thai & Vietnamese Restaurant,86,"1069 1st Avenue, New York","New York, New York",95
Kiss My Slice Pizza,Pizza,90,"401 East 57th Street, New York",New York,90
Suzu Japanese Sushi NY,"Golden Forest Chinese Restaurant, Brooklyn Ny",86,"1075 1st Avenue #A, New York",New York,90
Pa Pa,Zaffran Party Hall & restaurant,86,"1069 1st Avenue, New York","New York, New York",95
Go Noodle,Go Noodle,100,"1069 1st Avenue, New York","New York, New York",95
Rosa Mexicano,Rosa Mexicano,100,"1063 1st Avenue, New York","New York, New York",95
Fusha Asian Cuisine,Annie Chan's Japanese Cuisine Restaurant,86,"1065 1st Avenue, New York","New York, New York",95
Adyar Ananda Bhavan,Ariana,75,"1071 1st Avenue, New York","New York, New York",95
Under The Bridge,The Golden Glass Restaurant,86,"1079 1st Avenue, New York","New York, New York",95
Brooklyn Pizza Masters,Pizza,90,"1055 1st Avenue, New York","New York, New York",95
Best Pizza,Best Pizza,100,"1038 1st Avenue, New York","New York, New York",95
John & Tony's Pizzeria,John & Joe's Pizzeria,88,"1097 1st Avenue, New York","New York, New York",95
Sutton Cafe,Sutton Cafe,100,"1026 1st Avenue, New York","New York, New York",95
Anable Basin Sailing Bar & Grill,"Caribbean American Ent. Bar, Lounge & Restaurant",86,"4-40 44th Drive, Queens",44th,90
Blend on the Water,The Golden Glass Restaurant,86,"45-40 Center Boulevard, Queens",40-11 150th St,86
Long Island City Chinese Restaurant | Clear Lake 麗湖中餐厅,Chinese Restaurant,90,"44-29 9th Street, Long Island City",9th St,90
Sweetleaf Coffee & Cocktail Bar,Coffee,90,"4615 Center Boulevard, New York",New York,90
Maiella,Graziella Pizza & Restaurant,77,"4610 Center Boulevard, Long Island City",4610 8th Ave,86
BLVD Wine Bar,El Morro Restaurant & Bar,86,"4720 Center Boulevard, Long Island City",2670 Coney Island Ave,86
John Brown Smokehouse,John Barry's,86,"10-43 44th Drive, Long Island City",37-10 114th St,86
SHI,Sun Shine Restaurant,90,"4720 Center Boulevard, Long Island City",2670 Coney Island Ave,86
Dai Hachi,Dai Hing Chinese Restaurant,86,"46-18 Vernon Boulevard, Long Island City",147-18 Northern Blvd,86
Mysttik Masaala,Mysttik Masaala (Indian Food Truck),90,"4702 5th Street, Long Island City",Street,90
Go Nonna,Good to Go Restaurant,86,"10-50 44th Drive, New York","New York, New York",95
Skinny's Cantina,Theresa's Polish American Restaurant,86,"4705 Center Boulevard, Long Island City",2670 Coney Island Ave,86
Niforos Coffee Shop,Coffee Shop,90,"43-57 11th Street, Long Island City",43-57 11th St,90
Pizza Al Forno,Pizza Pizza,95,"4629 Vernon Boulevard, Long Island City",2670 Coney Island Ave,86
Cyclo,Piccolo's,72,"5-51 47th Avenue, Long Island City",7th Ave,90
Basil Brick Oven Pizza,Brick Oven Pizza,95,"28-17 Astoria Boulevard, Long Island City",152-28 Northern Blvd,86
Basil Brick Oven Pizza,Brick Oven Pizza,95,"28-17 Astoria Boulevard, Queens",152-28 Northern Blvd,86
Casa Rubio Café,Casa,90,"25-17 Astoria Boulevard, Astoria",25-25 Parsons Blvd,86
bz grill,Golden Krust Caribbean Bakery and Grill,86,"27-02 Astoria Boulevard, Queens",10015 Astoria Blvd,86
Andy's Cafe,Andy's Cafe,100,"23-39 Astoria Boulevard, Queens",10015 Astoria Blvd,86
Jimbos Restaurant & Bar,Restaurant,90,"3005 Astoria Boulevard, Astoria",10015 Astoria Blvd,86
BLVD Bagel Cafe,Stars Cafe & Restaurant,86,"30-07 Astoria Boulevard, Astoria",29-30  A Union St,86
INFINITEA NY,"Golden Forest Chinese Restaurant, Brooklyn Ny",86,"2309 Astoria Boulevard, Astoria",10015 Astoria Blvd,86
SVL Bar,El Morro Restaurant & Bar,86,"30-18 Astoria Boulevard b, Astoria",147-18 Northern Blvd,86
Titan Foods,Eisenberger's Health Foods,86,"2556 31st Street, Astoria",31st Street,90
Crescent Gourmet,China Gourmet Chinese Restaurant,86,"27-02 Crescent Street, Astoria",Crescent St.,90
Astoria Fine Gourmet Deli,fine gourmet deli,95,"2217 Astoria Boulevard, Astoria",10015 Astoria Blvd,86
Neptune Diner,Diner,90,"3105 Astoria Boulevard North, Astoria",10015 Astoria Blvd,86
Macoletta,Olea,68,"2815 24th Avenue, Long Island City",4th Ave,90
Koroni Souvlaki and Grill,Ambrosia Italian and Albanian Restaurant,86,"29-37 Newtown Avenue, Astoria",29-30  A Union St,86
Bohemian Hall & Beer Garden,Pizza Garden,86,"2919 24th Avenue, Astoria",4th Ave,90
Fresco's Cantina,Theresa's Polish American Restaurant,86,"12-14 31st Avenue, Astoria",1st ave.,90
Brother's Pizzeria,Brother's II Pizzeria,95,"3050 14th Street, Astoria",14th St,90
El Buen Gusto Mexican Restaurante,El Buen Gusto Mexican Restaurante,100,"30-85 14th Street, Queens",30-85 14th St,90
S & S Calabro Pizzeria,S & S Calabro Pizza,93,"30-65 14th Street, Astoria",14th St,90
Compton's,Theresa's Polish American Restaurant,86,"30-02 14th Street, Queens",14th St,90
Vidali's Pizza,Vidali's Pizza,100,"31-06 21st Street, Astoria",Street,90
Mary's Grocery And Taqueria,Moti's,86,"1213 Astoria Boulevard, Long Island City",10015 Astoria Blvd,86
Arcadia Bar and Kitchen,Ambrosia Italian and Albanian Restaurant,86,"12-21 Astoria Boulevard, Astoria",152-12 Northern Blvd,86
Rosa's Pizza,Rosa's Pizza,100,"31-01 21st Street, Astoria",31-01 21st St,90
Astoria Provisions,Astoria Restaurant Supply Store,86,"12-23 Astoria Boulevard, Long Island City",152-12 Northern Blvd,86
Spring Food Spot,Spring Food Spot,100,"14-21 Broadway, Astoria",14-21 Broadway,90
Mexican Deli,Mexican Deli,100,"3113 21st Street, Astoria",Street,90
Vesta Trattoria & Wine Bar,"Caribbean American Ent. Bar, Lounge & Restaurant",86,"21-02 30th Avenue, Queens",30th Avenue,90
Samaria,Samaria Pizza,90,"2107 Broadway, Astoria",2107 Broadway,90
El Ancla,El Morro Restaurant & Bar,86,"28-08 21st Street, Astoria",Street,90
Astoria Craft Bar & Kitchen,Craft,90,"1801 26th Road, Queens","207-13 Jamaica Ave, Queens, NY 11428",86
Twisted Mexican Grill,Golden Krust Caribbean Bakery and Grill,86,"18-33 Astoria Boulevard, Astoria",147-18 Northern Blvd,86
Zeus Kitchen,Halal Chinese Kitchen,86,"27 24 21st Street, Queens",Street,90
Chubby Burgers Chicken & Pizza,Chubby Burger Chicken & Pizza,98,"21-02 Newtown Avenue, Astoria",45-21 Parsons Blvd,86
Roti Boti,Roti Boti,100,"2709 21st Street, Astoria",2709 21st St,90
M.I.A,M.I.A Restaurant Lounge,90,"27-35 21st Street, Astoria",27-35 21st St,90
Pier 81,Tony's Pier Restaurant,86,"12th Avenue, New York","New York, New York",95
Lucky Strike Manhattan,Lucky,90,"660 West 42nd Street, New York",New York,90
Hook'd on the Hudson,620 on Caton Pizzeria and Restaurant,86,"557 12th Avenue, New York","New York, New York",95
Kings of Kobe,C&L Of East Ocean Restaurant,86,"650 West 42nd Street, New York",New York,90
42nd Street Pizza,Pizza,90,"647 West 42nd Street, New York",New York,90
Sunac Natural Market | Midtown west Deli | Supermarket,Natural Market,90,"600 West 42nd Street, New York",New York,90
La Vela Dining & Bar,La Strada Pizzeria & Restaurant,86,"558 11th Avenue, New York","New York, New York",95
McQuaids,Cuba,68,"589 11th Avenue, New York","New York, New York",95
Authentic NYC Street Food,Sunshine Restaurant Food & Catering Inc,86,"601-699 West 45th Street, New York",45th street,90
Corner Bistro,Roti Corner Restaurant,86,"600 11th Avenue, New York","New York, New York",95
Robert's Steakhouse,Robert,90,"603 West 45th Street, New York",45th street,90
Corner Slice,Roti Corner Restaurant,86,"600 11th Avenue at, West 45th Street, New York",45th street,90
Sushi on Jones x Don Wagyu,Foo On Restaurant,86,"Gotham West Market, 600 11th Avenue, New York",New York,90
La Palapa Taco Bar Gotham Market,La Palapa,90,"600 11th Avenue, New York","New York, New York",95
La Caridad 78,La Caridad 78,100,"2199 Broadway, New York","New York, New York",95
Europan Bakery Cafe,Europan Bakery Cafe,100,"2197 Broadway, New York","New York, New York",95
Oath Pizza - West 77th Street,Pizza,90,"2169 Broadway, New York","New York, New York",95
New Wave Cafe,New Fulin Kwok Seafood Restaurant,86,"2210 Broadway, New York","New York, New York",95
Pier 72,Tony's Pier Restaurant,86,"270 West 72nd Street, New York",New York,90
RedFarm,Parm,68,"2170 Broadway, New York","New York, New York",95
Pee Dee Steak House,Hunan House Chinese Restaurant,86,"50 West 125th Street, New York",New York,90
Lenox Public Smokehouse,Manna's Soul Food Restaurant - Lenox Avenue,86,"308 Lenox Avenue, New York","New York, New York",95
Marcus Samuelsson Group,Little Sagion International Restaurant Group 小西龚越南美食集團,86,"310 Malcolm X Boulevard, New York",New York,90
Uptown Gourmet,China Gourmet Chinese Restaurant,86,"304 Malcolm X Boulevard, New York",New York,90
Sylvia's,Sylvia's Restaurant,90,"328 Malcolm X Boulevard, New York",New York,90
Caribbean Starr,Star,90,"280 Malcolm X Boulevard, New York",New York,90
Just Combo,Just Combo,100,"21-01 21st Street, Queens",Street,90
Astoria Live Chicken & Meat Market,Live Restaurant,86,"3137 20th Avenue, Astoria",6103 20th Ave,86
No Partners Bar,El Morro Restaurant & Bar,86,"2911 21st Avenue, Astoria",1st ave.,90
Astoria Pizza Factory,Pizza,90,"19-46 37th Street, Astoria",37th,90
Dragon Gate,Dragon Gate Chinese Restaurant,90,"1944 37th Street, Queens",37th,90
Niko's Souvlaki,Theresa's Polish American Restaurant,86,"19-33 Ditmars Boulevard, Queens",165-19 Northern Blvd,86
Astoria Family Pizza,Pizza,90,"3637, 1927 Ditmars Boulevard, Astoria",10015 Astoria Blvd,86
Mia Pizza,La Mia Pizza,95,"24-17 Ditmars Boulevard, Astoria",10015 Astoria Blvd,86
No.1 Flower Drum House,No.1,90,"21-05 31st Street, Astoria",31st Street,90
Agnanti,Agnanti Meze,90,"19-06 Ditmars Boulevard, Astoria",165-19 Northern Blvd,86
Vintage,Vintage Delicatessen and Restaurant,90,"23-14 Ditmars Boulevard, Queens",189-23 Union Tpke,86
Astorias Finest Bagels,Kennedy Fried Chicken / Pizza King / Sunrise Bagels,86,"3306 Ditmars Boulevard, Astoria",10015 Astoria Blvd,86
Chicken Festival Astoria,Chicken Festival,90,"2919 Ditmars Boulevard, Queens",13861 Queens Blvd,86
Trattoria L'incontro,L & Y Wing Hing Chinese Restaurant,86,"21-76 31st Street, Astoria",31st Street,90
Pizza Palace,Pizza Palace,100,"29-29 Ditmars Boulevard, Queens",29-30  A Union St,86
KX burger bar,El Morro Restaurant & Bar,86,"29-04 Ditmars Boulevard, Astoria",29-30  A Union St,86
Create,Create Food Truck,90,"29-21 Ditmars Boulevard, Astoria",45-21 Parsons Blvd,86
Roma's Deli American & Spanish Food,Spanish Food,90,"4125 20th Avenue, Queens",6103 20th Ave,86
Antonio's Kitchen,Theresa's Polish American Restaurant,86,"76-08 21st Avenue, Queens",1st ave.,90
Gyro Express,Gyro express,100,"7706 21st Avenue, East Elmhurst",1st ave.,90
Apicius Pizzeria,Apicius Pizza,90,"20-72 Steinway Street, Astoria",Steinway Street,90
Krave Cafe & Grill,Krave Cafe & Grill,100,"45-01 Ditmars Boulevard, Queens",171-01 Northern Blvd,86
Loukoumi Taverna,Loukoumi Taverna,100,"45-07 Ditmars Boulevard, Queens",45-21 Parsons Blvd,86
Forno Siciliano,Il Forno Pizza and Pasta Restaurant,86,"43-19 Ditmars Boulevard, Astoria",165-19 Northern Blvd,86
Sergio's Pizza,Sergio's Pizza,100,"4803 Ditmars Boulevard, Astoria",10015 Astoria Blvd,86
Victory Garden Cafe,Garden 13 Dairy Restaurant and Pizza,86,"2169 Steinway Street, Astoria",Steinway Street,90
Victory Sweet Shop,Loma restaurant and coffee shop,86,"21-69 Steinway Street, Astoria",Steinway Street,90
Xing's Chef,King's Chef,91,"46-20(B, Ditmars Boulevard, Queens",144-20,86
Wah Fung,Wah Fung Chinese Restaurant,90,"21-75 Steinway Street, Astoria",21-75 Steinway St,90
Jack Jones Astoria,Astoria Restaurant Supply Store,86,"38-01 Ditmars Boulevard, Astoria",171-01 Northern Blvd,86
Elias Corner,Roti Corner Restaurant,86,"24-02 31st Street, Astoria",31st Street,90
Meet the Meat,The Golden Glass Restaurant,86,"2392 21st Street, Astoria",Street,90
Palermo Restaurant & Bar,Palermo Restaurant & Bar,100,"23-92 21st Street, Queens",23-92 21st St,90
Brooklyn National Enterprises,National,90,"8 North Service Road, Jamaica",19625 Jamaica Ave,86
Krispy Krunchy Halal Chicken,Halal,90,"135-1 130th Avenue, Jamaica",30th Avenue,90
Idlewild,Idlewild restaurant & bar,90,"138-10 135th Avenue, South Ozone Park",5th Avenue,90
Qdoba Mexican Grill,La Asuncion Mexican Restaurant,86,"Bldg. 125, JFK Airport Plaza, 147th Ave. & 147th St, Jamaica",403 Church Ave,86
The Italian Market,Ambrosia Italian and Albanian Restaurant,86,"150th Avenue & 147th Street, Jamaica",Street,90
Cascata,ATA,90,"JFK Access Road, Jamaica","207-13 Jamaica Ave, Queens, NY 11428",86
144 Restraunt,403 Restaurant,74,"144-02 135th Avenue, Jamaica",144-02 135th Ave,90
Abitino's,Abitino's,100,"JFK International Airport Concourse C at, Gate B38, Jamaica","Terminal D, near Gate D11",86
The Bistro – Eat. Drink. Connect.®,The Pine Restaurant,86,"145-11 North Conduit Avenue, Jamaica",40-11 150th St,86
Brooklyn Deli,Brooklyn Deli,100,"Terminal 8 Concourse C, JFK Expressway, Jamaica","Terminal D, near Gate D11",86
SoHo Bistro,Luna Asian Bistro and Japanese Rooftop Restaurant 日本料理,86,Jamaica,196 23 Jamaica Avenue,90
Cuenca Coffee Shop,Cuenca Coffee Shop,100,"95-29 Jamaica Avenue, Jamaica",Jamaica ave,90
Danny's Cafe,Andy's Cafe,87,"9327 Jamaica Avenue, Woodhaven",Jamaica ave,90
Pollos Doña Maria,Pollos Doña Maria,100,"93-03 Jamaica Avenue, Woodhaven",93-03 Jamaica Ave,90
La Casa Del Pandebono,Casa,90,"9012 Jamaica Avenue, Jamaica",Jamaica ave,90
L&Y Deli&Grocery INC,Deli & Grocery,95,"95-14 Jamaica Avenue, Woodhaven",Jamaica ave,90
Tajadas,Tajadas Bakery Restaurant,90,"97-05 Jamaica Avenue, Woodhaven",Jamaica ave,90
Richie Rich Caribbean Taste,Richie Rich Caribbean Taste Restaurant,95,"94-16 Jamaica Avenue, Woodhaven",Jamaica ave,90
CabanitaNy,Bonita,75,"94-16 Jamaica Avenue, Woodhaven",Jamaica ave,90
Joe's Pasta and Pizza,Pizza,90,"95-08 Jamaica Avenue, Woodhaven",Jamaica ave,90
Mei Xin Yuan Dumpling House,Dumpling House,90,"9512 Jamaica Avenue, Queens",Jamaica ave,90
Tacos El Ranchero Food Truck,Tacos El Ranchero:  Mobile Food Truck,95,"9719-973 Jamaica Avenue, Woodhaven",Jamaica ave,90
Tatty's Deli y Grocery (Mexican Food),Y&S Deli,90,"87-01 95th Street, Woodhaven",Street,90
Tavares Restaurant,Tavares Restaurant,100,"96-10 Jamaica Avenue, Woodhaven",Jamaica ave,90
Prima Pizza,Prima Pizza,100,"92-15 Jamaica Avenue, Woodhaven",Jamaica ave,90
La Oficina,La Strada Pizzeria & Restaurant,86,"8421 Jamaica Avenue, Woodhaven",Jamaica ave,90
The Paris Café,The Golden Glass Restaurant,86,"Terminal 5, 6 Central Terminal Area, Jamaica","Terminal D, near Gate D11",86
Departures Foodhall,Halal Food,76,"JFK Airport, Jamaica","207-13 Jamaica Ave, Queens, NY 11428",86
La Vie,El Rincon De La Vieja Colombian Bakery,90,"Terminal 5, John F. Kennedy International Airport, Jamaica","Terminal D, near Gate D11",86
5ive Steak,Mambi Steak House Bar & Grill,86,"1 J F K Airport, Jamaica","207-13 Jamaica Ave, Queens, NY 11428",86
Lucy's Asian Kitchen,Theresa's Polish American Restaurant,86,"John F. Kennedy International Airport, Terminal 5, Central Terminal Area, Jamaica","Terminal D, near Gate D11",86
Cheeburger Cheeburger,Burger Deli,66,"6 Central Terminal Area, Jamaica",196 23 Jamaica Avenue,86
Deep Blue on the Fly,Blue,90,"Terminal 5, Jamaica","207-13 Jamaica Ave, Queens, NY 11428",86
Artichoke,Artichoke Pizza,90,"Terminal 5, 6 Central Terminal Area, Queens","Terminal D, near Gate D11",86
Seafood Bar,Sea,90,"4 Central Terminal Area, Jamaica",196 23 Jamaica Avenue,86
Canal Street Noodle House,Dumpling House,86,Jamaica,196 23 Jamaica Avenue,90
AeroNuova,Eros,68,"1 J F K Airport, Jamaica","207-13 Jamaica Ave, Queens, NY 11428",86
Fresh Attractions Kiosk,Fresh Meadows Pizzeria and Restaurant,86,"4 Central Terminal Area, Jamaica",196 23 Jamaica Avenue,86
Stone Rose Bar,El Morro Restaurant & Bar,86,"4 Central Terminal Area, Jamaica",196 23 Jamaica Avenue,86
Brasserie La Vie French Cuisine,La Badee Restaurant,86,"4 Central Terminal Area, Queens",13861 Queens Blvd,86
JFK Clubhouse,141 Restaurant - Hilton New York JFK,86,"4 Central Terminal Area, Jamaica",196 23 Jamaica Avenue,86
Philly Cheesesteaks,Charleys Philly Steaks,79,"J F K Airport 1, Van Wyck Expressway, Jamaica",1 Worlds Fair Marina,86
Patsy's Pizzeria Queens,Patsy's Pizzeria,95,"21-64 Utopia Parkway, Whitestone",45-21 Parsons Blvd,86
Keilly,Keilly Chinese Restaurant,90,"21-40 Utopia Parkway, Queens",40-11 150th St,86
Matese Pizzeria Ristorante & Caterers,Matese Pizzeria,90,"26-15 Francis Lewis Boulevard, Flushing",33-25 Francis Lewis Blvd,86
Matese Pizzeria & Ristorante,Matese Pizzeria,90,"26-15 Francis Lewis Boulevard, Flushing",33-25 Francis Lewis Blvd,86
Legend of Taste,Taste,90,"2002 Utopia Parkway, Whitestone",1045 easter parkway,86
La Maria,Villa Maria Restaurant,90,"25-71 Francis Lewis Boulevard, Queens",33-25 Francis Lewis Blvd,86
Parkway Pizza,Pizza Pizza,95,"19-7 Utopia Parkway, Whitestone",165-19 Northern Blvd,86
Nikitas Place,Market Place Restaurant,86,"1903 Utopia Parkway, Flushing",603 Flushing Ave,86
Omega Coffee Shop,Omega Coffee Shop,100,"200-07 32nd Avenue, Bayside",32nd Av,90
Vinny's,Vinny's Pizzeria Restaurant,90,"19901 32nd Avenue, Queens",32nd Av,90
Sangria Latin Restaurant,Restaurant,90,"29-02 Francis Lewis Boulevard, Flushing",33-25 Francis Lewis Blvd,86
Asian Chef,King's Chef Chinese Restaurant,86,"2904 172nd Street, Flushing",2904 172nd St,90
Kalamaki GR,Alma,68,"2906 172nd Street, Flushing",72nd Street,90
Riviera,Riverdale Garden Restaurant & Lounge,77,"1712 Utopia Parkway, Whitestone",1712 Nostrand Ave,86
Empire Kitchen,Empire Kitchen,100,"1702 Utopia Parkway, Whitestone",1045 easter parkway,86
Fitrition,Bonjuk Korean Traditional Porridge Restaurant,70,"32-55 Francis Lewis Boulevard, Flushing",33-25 Francis Lewis Blvd,86
Sushi Village,Ginpachi Sushi Restaurant,86,"3250 Francis Lewis Boulevard, Flushing",33-25 Francis Lewis Blvd,86
Taco Fun,Mister Taco Mexican Restaurant,86,"3267 Francis Lewis Boulevard, Queens",33-25 Francis Lewis Blvd,86
Gyro Corner NYC,"Airways Pizza, Gyro & Restaurant",86,"3269 Francis Lewis Boulevard, Flushing",33-25 Francis Lewis Blvd,86
Ponticello,Nello,72,"20818 Cross Island Parkway, Queens",2670 Coney Island Ave,86
Tri Tower Eatery,El TRI MX Restaurant & Bar,86,"1805 215th Street, Bayside",15th,90
Vivo,La Gaviota Bar Restaurant,68,"201-10 Cross Island Parkway, Bayside",37-10 114th St,86
Buona Forchetta,Barbetta,61,"168-68 9th Avenue, Whitestone",311 Avenue X,86
Frankys Souvlaki,Lali,68,"Cross Island Parkway, Beechhurst",2670 Coney Island Ave,86
Jack's Pizza & Pasta,Pizza,90,"212-49 26th Avenue, Bayside",Between 39th and 40th street on 13th Avenue,86
Ben's Kosher Delicatessen Restaurant & Caterers,Restaurant,90,"211-37 26th Avenue, Bayside",Between 39th and 40th street on 13th Avenue,86
Lasia,Malasia-Thai-Chinese Restaurant,90,"211-33 26th Avenue, Bayside",Between 39th and 40th street on 13th Avenue,86
Empire Corner II,Bar Sol De Quito Restaurant II,86,"1415 5th Avenue, New York","New York, New York",95
Oriental Palace,China palace chinese restaurant,86,"1728 Madison Avenue, New York",New York,90
Jerk To Go,Jerk-A-Rona Restaurant and Grill,86,"46 West 116th Street, New York",New York,90
Vidalli's Pizzeria,Vidali's Pizza,88,"1429 5th Avenue, New York","New York, New York",95
El San Juan,El Morro Restaurant & Bar,86,"1429 5th Avenue, New York","New York, New York",95
Maxwell's,Max,90,"1325 5th Avenue, New York","New York, New York",95
Shun Cheong,Shun Deck Restaurant,86,"2 West 111th Street, New York",New York,90
Healthy Choice,Healthy Choice Deli,95,"1780 Madison Avenue, New York",80 Madison Ave,90
Harlem Food CT,Harlem Food Court,90,"66 West 116th Street, New York",New York,90
Cross Culture Kitchen,Chang Jiang Kitchen Chinese Restaurant,86,"62 East 116th Street, New York",New York,90
Salimata,ATA,90,"62 East 116th Street, New York",New York,90
FIELDTRIP,Michaelangelo's Coal Fired Brick Oven Pizza Restaurant,60,"109 Malcolm X Boulevard, New York",New York,90
el encanto de lola,Bar Sol De Quito Restaurant II,86,"57 Malcolm X Boulevard, New York",New York,90
118 Kitchen,Halal Chinese Kitchen,86,"1 East 118th Street, New York",New York,90
Harlem Seafood Soul,Sea,90,"Adam Clayton Powell Junior Boulevard, New York",New York,90
Delhi Masala,Tikka Masala Restaurant,86,"2077 Adam Clayton Powell Junior Boulevard, New York",New York,90
Savanna Rae's restaurant,Restaurant,90,"2070 Adam Clayton Powell Junior Boulevard, New York",New York,90
Asian Fusion,Okami Asian Fusion Restaurant,90,"2077 Adam Clayton Powell Junior Boulevard, New York",New York,90
A1 Asian Fusion,Taipan Fusion Restaurant and Hookah Lounge,86,"2071 Adam Clayton Powell Junior Boulevard, New York",New York,90
Accra,Accra Restaurant,90,"2065 Adam Clayton Powell Junior Boulevard, New York",New York,90
Cantina Taqueria & Tequila Bar,"Caribbean American Ent. Bar, Lounge & Restaurant",86,"329 Malcolm X Boulevard, New York",New York,90
Corner Social,Roti Corner Restaurant,86,"321 Malcolm X Boulevard, New York",New York,90
Red Star,Star,90,"2060 Adam Clayton Powell Junior Boulevard, New York",New York,90
Harlem Ale House,Hunan House Chinese Restaurant,86,"101 West 127th Street, New York",New York,90
Harlem Pizza,Pizza Pizza,95,"100 West 125th Street, New York",New York,90
Chez Alain,Alma,68,"2046 Adam Clayton Powell Junior Boulevard, New York",New York,90
Harlem Shake,El Nuevo Harlem Restaurant,86,"100 West 124th Street, New York",New York,90
Knew King Wok,King Wok,90,"2025 Adam Clayton Powell Junior Boulevard, New York",New York,90
Chaiwali,Li Li,86,"274 Lenox Ave at, West 124th Street, New York",New York,90
SETTEPANI,Settepani Bakery,90,"196 Malcolm X Boulevard, New York",New York,90
Barawine Harlem,Raw,90,"200 Malcolm X Boulevard, New York",New York,90
Il Cafe Latte 1,Stars Cafe & Restaurant,86,"189 Malcolm X Boulevard # 1, New York",New York,90
Archer & Goat,The Jolly Goat Coffee Bar,86,"187 Malcolm X Boulevard, New York",New York,90
El Encanto De Lola 2,Bar Sol De Quito Restaurant II,86,"175 Lenox Avenue, New York","New York, New York",95
Sottocasa Pizzeria Harlem,Casa,90,"227 Malcolm X Boulevard, New York",New York,90
Mo's Burgers,Theresa's Polish American Restaurant,86,"153 Malcolm X Boulevard, New York",New York,90
Le Petit Parisien,Le Banquet,86,"151 Malcolm X Boulevard, New York",New York,90
Indian Summer Harlem,C B Finger Licking Jamaican and West Indian Restaurant,86,"239 Malcolm X Boulevard, New York",New York,90
Xing Dragon,Xin Xing Chinese Restaurant,86,"305 East 115th Street, New York",New York,90
El Nuevo Caridad,El Nuevo Caridad,100,"2257 2nd Avenue, New York","New York, New York",95
Taco Mix,The Mix Up Restaurant,86,"234 East 116th Street #1, New York",New York,90
Juice Bar-Rio,El Morro Restaurant & Bar,86,"308 East 116th Street, New York",New York,90
Quesadillas Doña Maty,Man Do,71,"228 East 116th Street, New York",New York,90
Sandy,Roy and Sandys Restaurant,90,"2261 2nd Avenue, New York","New York, New York",95
Make My Fish,Fish,90,"East 116th Street, New York",New York,90
Nocciola,Olea,68,"237 East 116th Street, New York",New York,90
Mi Abuelita/ Rancho Vegano,Mi Candileja,86,"2270 2nd Avenue, New York","New York, New York",95
Hot Jalapeño Mexican Restaurant,Restaurant,90,"219 East 116th Street, New York",New York,90
Milano Pizza Shop,Pizza,90,"2255 2nd Avenue, New York","New York, New York",95
Las Delicias Mexicanas,Delicias Mexicanas,95,"2109 3rd Avenue, New York","New York, New York",95
El Tapattio,El Tapatio,95,"209 East 116th Street, New York",New York,90
Kahlua’s Cafe,Kahlua's Cafe & Restaurant,90,"2117 3rd Avenue, New York","New York, New York",95
Barcha,La Barca Restaurant,75,"2241 1st Avenue, New York","New York, New York",95
FRI ITZ,Fritz International Jamaican Restaurant,64,"1694 Park Avenue, New York","New York, New York",95
New Ivoire,New Ivoire,100,"76 East 119th Street, New York",119th St,90
Armonie Pizza Bistro,Pizza,90,"1649 Park Avenue, New York","New York, New York",95
Terrific Wings Tacos & Things,Queen of Tacos,86,"1901 Lexington Avenue, New York",New York,90
99 Cents Mega Pizza,Pizza,90,"1875 Lexington Avenue, New York",1875 Lexington Ave,90
La Chula Harlem,La Strada Pizzeria & Restaurant,86,"137 East 116th Street, New York",New York,90
Red Star,Star,90,"112 East 116th Street, New York",New York,90
Travertino,Murphy's Tavern,64,"118 East 116th Street, New York",New York,90
Il Gnocchi,Il Miglio Pizza & Italian Restaurant,86,"118 East 116th Street, New York",New York,90
Mamita’s Breakfast Cart,Theresa's Polish American Restaurant,86,"1871 Lexington Avenue, New York",New York,90
Pipo's,Pipo's Mexican Restaurant,90,"166 East 118th Street #3, New York",New York,90
American Wing Company,Theresa's Polish American Restaurant,86,"159 East 116th Street, New York",New York,90
Naked Crab,Cabo,68,"39-16 College Point Boulevard, Flushing",103-16 Merrick Blvd,86
锦州烧烤,Bo Ky Restaurant 波記潮州小食,22,"39-16 College Point Boulevard, Flushing",103-16 Merrick Blvd,86
八戒烧烤,秀八珍鹵味 Eight Jane Food Inc.,22,"133-18 39th Avenue, Flushing",39th,90
Bajie BBQ,Korean BBQ Restaurant,86,"13318 39th Avenue, Flushing",39th,90
Yoi,Moti's,60,"133-22 39th Avenue, Flushing",39th,90
Zaiqa Halal Food,Laiqa Halal Food,94,Flushing,603 Flushing Ave,90
The Shops at SkyView Center,Skyview,90,"4024 College Point Boulevard, Queens",13861 Queens Blvd,86
Western Spicy Chicken,Spicy Pot Express Caribbean and American Restaurant,86,"13335 Roosevelt Avenue #3, Flushing",Roosevelt Ave.,90
He Ji Noodle House,Hunan House Chinese Restaurant,86,"133-35 Roosevelt Avenue, Queens",Roosevelt Ave.,90
Luo Zhuang Yuan,"Jia Yuan Restaurant , Fresh Meadows",86,"133-35 Roosevelt Avenue, Flushing",Roosevelt Ave.,90
Joong Han Boon Sik,Shu Han Ju Chinese Restaurant,86,"133-35 Roosevelt Avenue, Flushing",Roosevelt Ave.,90
Diverse Dim Sum,Sum Fung,86,"133-35 Roosevelt Avenue #12, Flushing",Roosevelt Ave.,90
A Zhong Noodles,a taberna Portuguese restaurant,86,"133-35 Roosevelt Avenue, Flushing",Roosevelt Ave.,90
Parsons Diner,Diner,90,"2527 Parsons Boulevard, Flushing",45-21 Parsons Blvd,86
Namudol,Aureole,57,"29-08 Union Street, Flushing",Street,90
Noodle Flower,Red Flower Chinese Restaurant,86,"29-18 Union Street, Flushing",29-18 Union St,90
Great East,C&L Of East Ocean Restaurant,86,"29-30 Union Street, Flushing",Street,90
Gahwa,Megawash Fresh Meadows,72,"29-32 Union Street, Queens",Street,90
Pearl Garden,Pearl Garden,100,"14508 14th Avenue, Flushing",4th Ave,90
New 88 Japanese Food Inc,Food Inc.,90,"33-05 Farrington Street, Flushing",Street,90
Korean Express Inc,146-13 Northern Blvd Korean Restaurant,86,"3370 Prince Street # 507, Flushing",Street,90
Nick Souvlaki Food Cart,Food Cart,90,Flushing,603 Flushing Ave,90
Debasaki,Deals,72,"33-67 Farrington Street, Flushing",Street,90
Teriyaki One,One & One,95,"30-23 Stratton Street, Flushing",Street,90
New Sunrise,New Fulin Kwok Seafood Restaurant,86,"13511 35th Avenue, Flushing",5th Avenue,90
Jägerhaus,Dera,68,"15-16 149th Street, Flushing",9th St,90
Mike & Maggie's Pizzeria,Theresa's Polish American Restaurant,86,"1527 149th Street, Flushing",9th St,90
Liola,Laila,80,"15-01 149th Street, Whitestone",9th St,90
Whitestone Diner,Diner,90,"149-21 14th Avenue, Whitestone",4th Ave,90
Casa Asia,Casa,90,"149-45 14th Avenue, Whitestone",4th Ave,90
Verdi's,Theresa's Polish American Restaurant,86,"149-58 Cross Island Parkway, Whitestone",149-44 41st Ave,86
SUSHI ME,U-Me Sushi,95,"14-18 150th Street, Flushing",50th St.,90
Tasty Grill,Golden Krust Caribbean Bakery and Grill,86,"14-22 150th Street, Whitestone",50th St.,90
Freddy's Pizzeria,La Strada Pizzeria & Restaurant,86,"1266 150th Street, Whitestone",50th St.,90
Cozy Diner,Diner,90,"1409 150th Street # 3, Whitestone",1409 150th St,90
Ginger and Lemongrass,Ambrosia Italian and Albanian Restaurant,86,"12-53 150th Street, Whitestone",50th St.,90
IL Nocello Ristorante,Il Miglio Pizza & Italian Restaurant,86,"1427 150th Street, Whitestone",50th St.,90
Cherry Valley,Cherry Valley Deli,95,"12-29 150th Street, Whitestone",50th St.,90
Mr. Pollo #2,Mr. Pollo,95,"12-27A 150th Street, Whitestone",50th St.,90
Villaggio,Villagio Restaurant & Bar,80,"150-07 14th Road, Queens",3415 14th Ave,86
Takara Sushi,Kar,90,"150-11 14th Avenue, Whitestone",150-11 14th Ave,90
Feddy's Family Dinner,Theresa's Polish American Restaurant,86,"150-27 14th Avenue, Flushing",4th Ave,90
Omani,Melomania Deli Food,90,"160-42 Willets Point Boulevard, Whitestone",42 4th Ave,86
To Steki,Lo-to Restaurant,86,"2014 Francis Lewis Boulevard, Whitestone",33-25 Francis Lewis Blvd,86
Gigi's Pizzeria - Whitestone,Moti's,86,"2009 Francis Lewis Boulevard, Whitestone",33-25 Francis Lewis Blvd,86
Erin's Isle,Theresa's Polish American Restaurant,86,"15403 Cross Island Parkway, Whitestone",2670 Coney Island Ave,86
Cross Island Hot Dog & Souvlaki Cart,Island Grove Restaurant,86,"Cross island parkway service road at entrance of whitestone shopping center, Whitestone",Shopping center,90
Lollipops Diner,Diner,90,"153-31 Cross Island Parkway, Queens",2670 Coney Island Ave,86
Pizza Chef,Pizza Pizza,95,"153-81 Cross Island Parkway, Whitestone",41-81 Bowne St,86
Coffee Lab,Coffee Lab 38,95,"14-16b Clintonville Street, Whitestone",Street,90
PSI Middle Atlantic Seafood,Q Town (Taiwanes/Chinese/Seafood)Restaurant,86,"15220 Rockaway Boulevard, Jamaica",196 23 Jamaica Avenue,86
Yummy II,Yummy Yummy,95,"15329 Rockaway Boulevard, Jamaica",196 23 Jamaica Avenue,86
Yah Suh NYCE,Hai Sun,64,"153-41 Rockaway Boulevard, Rochdale Village",33-41 Francis Lewis Blvd,86
Tropical Grill,Tropical Grill & Restaurant,90,"15341 Rockaway Boulevard, Jamaica",196 23 Jamaica Avenue,86
Four Seasons Palace,Sea,90,"134-14 Guy R Brewer Boulevard, Jamaica",196 23 Jamaica Avenue,86
Peppa Pot Jamaican Cuisine,Annie Chan's Japanese Cuisine Restaurant,86,"134-28 Guy R Brewer Boulevard, Rochdale Village",Cristofordo Columbo Boulevard,86
Tandoori Curry & Indo Chinese,"Golden Forest Chinese Restaurant, Brooklyn Ny",86,"Tandoori Curry & Indo Chinese, 154-12 Rockaway Boulevard, Rochdale Village",Cristofordo Columbo Boulevard,86
The Door,The Door Restaurant,90,"163-07 Baisley Boulevard, Jamaica",95-07 31st Ave,86
The Door,The Door Restaurant,90,"11434-25, 163-07 Baisley Boulevard, Jamaica",33-25 Francis Lewis Blvd,86
Crab Du Jour Xpress Jamaica,Crab Shanty,86,"16560 Baisley Boulevard, Queens",13861 Queens Blvd,86
China garden & Wing stop,China Garden,90,"165-60 Baisley Boulevard, Jamaica",165-19 Northern Blvd,86
Jay's,Jazzy Jay's Restaurant,90,"16568 Baisley Boulevard, Jamaica",196 23 Jamaica Avenue,86
B&B Food Farm,famous restaurant Chinese food,86,"168-19 Baisley Boulevard, Jamaica",168-19,90
Blessed africa resturant,Wilson Resturant,86,"118-09 Sutphin Boulevard, Queens",Sutphin,90
King Pizza & Fried Chicken,King Pizza & Fried Chicken,100,Jamaica,196 23 Jamaica Avenue,90
Cascade Jerk,Jerk-A-Rona Restaurant and Grill,86,"119-02 Sutphin Boulevard, Jamaica",Sutphin,90
Great Dragon,"Great Dragon (Chinese, Spanish, American Food)",90,"141-36 Rockaway Boulevard, Jamaica",196 23 Jamaica Avenue,86
Soul Food,95 South Soul Food Restaurant,90,"141-28 Rockaway Boulevard, Queens",152-28 Northern Blvd,86
Rockaway Fish House/RCL Enterprises,Fish Yard Restaurant,86,"14122 Rockaway Boulevard, Jamaica",196 23 Jamaica Avenue,86
湖南(Jamaica),Sparkles Jamaica Restaurant,86,"141-12 Rockaway Boulevard, Jamaica",152-12 Northern Blvd,86
New Hunan Wok,Hunan Wok,95,"141-12 Rockaway Boulevard, Jamaica",152-12 Northern Blvd,86
Rockaway Grill,Golden Krust Caribbean Bakery and Grill,86,"141-16 Rockaway Boulevard, Jamaica",196 23 Jamaica Avenue,86
True Flavours,True Blue Deli Grocery,86,"140-16 Rockaway Boulevard, Queens",103-16 Merrick Blvd,86
Caribbean Style Cuisine,Bea,90,"14507 Rockaway Boulevard, Jamaica",196 23 Jamaica Avenue,86
DNL Pizza Plus,Pizza Plus,95,"146-21 Rockaway Boulevard, Jamaica",45-21 Parsons Blvd,86
皇后林肯电召车,Lucky Eight 同樂小炒皇,13,"9th Avenue, Brooklyn",brooklyn,90
LaoJie,La Roja de Todos Restaurant & Bakery,60,"811 53rd Street, Brooklyn",brooklyn,90
合意小吃,Shu Jiao Fu Zhou Cuisine 潭頭王福州小吃 (Shu Jiao Fu Zhou Cuisine),30,"5303 8th Avenue, Brooklyn",brooklyn,90
He Yi Xiaochi,Tong Sam Gyup Goo Yi Restaurant,86,"5301 8th Avenue, Brooklyn",brooklyn,90
Funny BBQ Bar,El Morro Restaurant & Bar,86,"818 54th Street, Brooklyn",brooklyn,90
King's Kitchen,Mr King Food Kitchen,87,"5223 8th Avenue, Brooklyn",brooklyn,90
LANGKAWI,TANG,68,"5323 8th Avenue, Brooklyn",5323 8th Ave,90
Lucky Eight,Lucky Eight 同樂小炒皇,90,"5204 8th Avenue, Brooklyn",5204 8th Ave,90
Fu Mun Lou,Fu Man Lou Restaurant,86,"5405 8th Avenue, Brooklyn",5405 8th Ave,90
Simon's BBQ,Theresa's Polish American Restaurant,86,"5224 8th Avenue, Brooklyn",brooklyn,90
Meet Noodles,Kuai An Hand Pull Noodles Restaurant,86,"5216 8th Avenue, Brooklyn",5216 8th Ave,90
Nuan Xin Rice Roll,Wing xin chinese restaurant,86,"5103 8th Avenue, Brooklyn",brooklyn,90
Jin Feng Yuan,Jin Cheng Restaurant,86,"5318 8th Avenue, Brooklyn",brooklyn,90
C&L of East Ocean,C&L Of East Ocean Restaurant,90,"5304 8th Avenue, Brooklyn",5304 8th Ave,90
The Roast,The Golden Glass Restaurant,86,"5124 8th Avenue, Brooklyn",brooklyn,90
Mr Q's Noodle,Theresa's Polish American Restaurant,86,"779 53rd Street, Brooklyn",brooklyn,90
99捞化(99 Noodle Village),Dragon Village Chinese Restaurant,86,"774 53rd Street, Brooklyn",brooklyn,90
Redang Island,Mike's Island Grill Restaurant,86,"5112 8th Avenue, Brooklyn",brooklyn,90
Lupitas Tiendita Deli & Grocery,Deli & Grocery,90,"11232, Brooklyn",brooklyn,90
C&B COFFEE SHOP,Coffee Shop,95,"4002 8th Avenue, Brooklyn",brooklyn,90
Taqueria Restaurante Mi Barrio 2,Mi Barrio Taqueria Restaurant,90,"887 5th Avenue, Brooklyn",5th Avenue,90
Kofte Piyaz,Köfte Piyaz,95,"881 5th Avenue Store A, Brooklyn",5th Avenue,90
Tacos El Bronco,Tacos El Bronco,100,"860 5th Avenue, Brooklyn",5th Avenue,90
Golden Rich,"Golden Forest Chinese Restaurant, Brooklyn Ny",86,"4001 8th Avenue, Brooklyn",brooklyn,90
Sunset Park Diner & Donuts,Diner,90,"889 5th Avenue, Brooklyn",5th Avenue,90
Melody Lanes NY,"Golden Forest Chinese Restaurant, Brooklyn Ny",86,"461 37th Street, Brooklyn",37th,90
Gina's Pizza,Pizza Pizza,95,"3905 5th Avenue, Brooklyn",3905 5th Ave,90
2004 Viva Mexico,Mexico Magico Restaurant,86,"3913 5th Avenue, Brooklyn",5th Avenue,90
Maria's Bistro Mexicano,Maria's,90,"886 5th Avenue, Brooklyn",5th Avenue,90
El Buen Chapin Deli,Deli,90,"3915 5th Avenue, Brooklyn",5th Avenue,90
Mi Pequño Chinantla,Mi Barrio Taqueria Restaurant,86,"4011 5th Avenue, Brooklyn",5th Avenue,90
China Delight,China Delight,100,"4009 5th Avenue, Brooklyn",5th Avenue,90
Asea Fusion,Sea,90,"4120 8th Avenue, Brooklyn",4120 8th Ave,90
Take Your Hand 牵你的手,New Good Joy Take Out Restaurant,86,"5701 8th Avenue, Brooklyn",701 8th Ave,90
台山风味食品公司,Total Food Corp 美倫食品市場,22,"808 57th Street, Brooklyn",brooklyn,90
Uncle Wang,Uncle Wang Chinese Food,90,"801 58th Street, Brooklyn",brooklyn,90
呱呱叫福州小吃,Shu Jiao Fu Zhou Cuisine 潭頭王福州小吃 (Shu Jiao Fu Zhou Cuisine),34,"5623 8th Avenue, Brooklyn",brooklyn,90
Mr Q BBQ 56 Street,Mr. Chan's Chinese Restaurant,86,"806 56th Street, Brooklyn",brooklyn,90
Everett,Everest Grocery & Deli,77,"5721 8th Avenue #3912, Brooklyn",brooklyn,90
MM Tea Cafe,Stars Cafe & Restaurant,86,"5805 8th Avenue, Brooklyn",5805 8th Ave,90
Wang Village,Village Restaurant,86,"5609 8th Avenue, Brooklyn",5609 8th Ave,90
WW Cafe Inc,Stars Cafe & Restaurant,86,"968 58th Street, Brooklyn",brooklyn,90
City Cafe,Stars Cafe & Restaurant,86,"5603 8th Avenue, Brooklyn",brooklyn,90
Maikley Cafe,Stars Cafe & Restaurant,86,"5819 8th Avenue, Brooklyn",brooklyn,90
Nuan Xin Rice Roll,Wing xin chinese restaurant,86,"5901 8th Avenue, Brooklyn",brooklyn,90
Kai Fong,Fong Kwan Kitchen,86,"5716 8th Avenue, Brooklyn",brooklyn,90
Thanh Da II,Bar Sol De Quito Restaurant II,86,"5624 8th Avenue, Brooklyn",brooklyn,90
Little Thanh Da,Little Bandgladesh Restaurant,86,"5624 8th Avenue, Brooklyn",brooklyn,90
Good Good Taste,Zheng Good Taste,95,"5806 8th Avenue, Brooklyn",brooklyn,90
Xiang Hotpot-Brooklyn,"Golden Forest Chinese Restaurant, Brooklyn Ny",86,"5816 Fort Hamilton Parkway, Brooklyn",brooklyn,90
Dun Huang,Dun Huang Seafood Restaurant,90,"817 60th Street, Brooklyn",brooklyn,90
NY Dun Huang,"Golden Forest Chinese Restaurant, Brooklyn Ny",86,"817 60th Street 1 fl, Brooklyn",brooklyn,90
Greek Family Kitchen,Emone Korean Family Restaurant,86,"212-02 Union Turnpike, Oakland Gardens",2930 Union St,86
Villa Rustica,Friend's Villa Restaurant,86,"73-28 Bell Boulevard, New York",New York,90
Hot Peppers,Hot Pot Jamaican & American Restaurant,86,"78-33 Springfield Boulevard, Oakland Gardens",Cristofordo Columbo Boulevard,86
Mama Lina,Mama’s Coffee Shop & Restaurant,86,"7825 Springfield Boulevard, Oakland Gardens",133-38 Springfield Blvd,86
Vito's Pizza & Italian Restaurant,Restaurant,90,"78-37 Springfield Boulevard, Oakland Gardens",Cristofordo Columbo Boulevard,86
Blue Sky Chinese Restaurant,Blue Sky Chinese Restaurant,100,"223-28 Union Turnpike, Oakland Gardens",152-28 Northern Blvd,86
Wild Basil,Little Basil Thai Cuisine,86,"223-30 Union Turnpike, Bayside",2930 Union St,86
Lavoo Cafe,Stars Cafe & Restaurant,86,"224-13 Union Turnpike, Oakland Gardens",2930 Union St,86
Wah Hing Kitchen,Wing Wah Kitchen,89,"73-12 Bell Boulevard, New York",New York,90
Taco King,King Chinese Restaurant,86,"7306 Bell Boulevard, Oakland Gardens",7306 metropolitan ave,86
Osaka,Osaka Japanese restaurant,90,"22423 Union Turnpike, Oakland Gardens",2930 Union St,86
Bell Diner,Diner,90,215-25 73rd Avenue,3rd Ave.,90
Sushi You,Yo Sushi,89,"215-05 73rd Avenue, Oakland Gardens",3rd Ave.,90
Buddy's Kosher Deli,Deli,90,"215-01 73rd Avenue #21501, Oakland Gardens",3rd Ave.,90
Luckyhe Chinese Restaurant,Lucky Chinese Restaurant,96,"218-40 Hillside Avenue, Queens Village",Hillside Avenue,90
Village Deli Grocery Inc,Deli Grocery,90,"21202 Hillside Avenue, Queens Village",Hillside Avenue,90
Elegant,"Elegant Restaurant Equipment & Supplies, Inc.",90,"21206 Hillside Avenue, Jamaica",Hillside Avenue,90
MJ's Pizza & Wings,MJ's Pizza,90,"215-32 Hillside Avenue, New York",New York,90
Yuchan Lin,House Of Lin Chinese Restaurant,86,"20618 Hillside Avenue, Queens Village",Hillside Avenue,90
Marbella,Marbella Restaurant,90,"220-33 Northern Boulevard, Bayside",147-18 Northern Blvd,86
BCD Tofu House,Hunan House Chinese Restaurant,86,"220-05 Northern Boulevard, Queens",147-18 Northern Blvd,86
Samwongahk Chinese Restuarant,"Golden Forest Chinese Restaurant, Brooklyn Ny",86,"219-01 Northern Boulevard, Bayside",147-18 Northern Blvd,86
Yoodon,Foodoni,77,"216-19 Northern Boulevard, Flushing",147-18 Northern Blvd,86
O’Hana,O S Restaurant,86,"216-19 Northern Boulevard, Bayside",147-18 Northern Blvd,86
Brooklyn Pub,Brooklyn Sub,92,"689 6th Avenue, Brooklyn",brooklyn,90
Lot 2,Oliva Paraiso Restaurant No 2,86,"687 6th Avenue, Brooklyn",brooklyn,90
Giuseppina's Brick Oven Pizza,Pizza,90,"691 6th Avenue, Brooklyn",brooklyn,90
Southside Coffee,Southside Coffee,100,"654 6th Avenue, Brooklyn",brooklyn,90
Battle Hill Tavern,Sugar Hill Restaurant & Supper Club,86,"686 6th Avenue, Brooklyn",brooklyn,90
Korzo,el rey de mi corazon bar & restaurant,72,"667 5th Avenue, Brooklyn",5th Avenue,90
South Slope Ramen,95 South Soul Food Restaurant,86,"651 5th Avenue, Brooklyn",5th Avenue,90
Sole Mio 1 Resturant,No. 1 Kitchen Chinese Restaurant,86,"647 5th Avenue, Brooklyn",5th Avenue,90
El Nopal,El Nopal Restaurant & Juice Bar,90,"631 5th Avenue, Brooklyn",631 5th Ave,90
El Continental,El Continental,100,"672 5th Avenue, Brooklyn",672 5th Ave,90
Tambour Bistro and Wine Bar,Taipan Fusion Restaurant and Hookah Lounge,86,"652 5th Avenue, Brooklyn",5th Avenue,90
Quarter,Restaurant Patrick at Club Quarters,90,"676 5th Avenue, Brooklyn",5th Avenue,90
Sea Witch,Sea,90,"703 5th Avenue, Brooklyn",5th Avenue,90
Luigi's Pizza,Luigi's Pizza,100,"686 5th Avenue, Brooklyn",5th Avenue,90
Grand Prospect Hall,Zaffran Party Hall & restaurant,86,"263 Prospect Avenue, Brooklyn",brooklyn,90
The Bagel Factory,The Golden Glass Restaurant,86,"612 5th Avenue, Brooklyn",5th Avenue,90
Sub Hub,Brooklyn Sub,86,"471 7th Avenue, Brooklyn",7th Ave,90
Panchita's Place,Theresa's Polish American Restaurant,86,"709 5th Avenue, Brooklyn",709 5th Ave,90
Jalapeño King,King Chinese Restaurant,86,"719 5th Avenue, Brooklyn",5th Avenue,90
Nostro,El Monstro del Sazon Pizzaria & Restaurant,75,"710 5th Avenue, Brooklyn",5th Avenue,90
Pablito's,Pablito's Taqueria & Restaurant,90,"723 5th Avenue, Brooklyn",723 5th Ave,90
5th Avenue Asian Taste,Taste,90,"718 5th Avenue, Brooklyn",5th Avenue,90
Gio's Express,Theresa's Polish American Restaurant,86,"406 36th Street, Brooklyn",brooklyn,90
La Fe,La Fe Restaurant,90,"941 4th Avenue, Brooklyn",4th Ave,90
Los Cabos,Cabo,90,"4015 5th Avenue, Brooklyn",5th Avenue,90
Ines Bakery,bakery,90,"948 4th Avenue, Brooklyn",4th Ave,90
Usuluteco,Restaurante Salvadoreno Usuluteco,90,"4017 5th Avenue, Brooklyn",5th Avenue,90
Peacock,Peacock Restaurant,90,"70 West 183rd Street, The Bronx",Street,90
Mango's Paradise Smoothie Corporation,Paradise Restaurant,86,"31 West 183rd Street, The Bronx",Street,90
Nikas Market Delights,Deli,90,"42 West 183rd Street, The Bronx",Street,90
Tuti's,Theresa's Polish American Restaurant,86,"34 West 183rd Street, The Bronx",Street,90
Pizza,Pizza,100,"26 West 183rd Street, The Bronx",Street,90
Mixtec Taqueria Restaurant,Restaurant,90,"2345 Jerome Avenue, The Bronx",311 Avenue X,86
Liberato,Liberato,100,"1 West 183rd Street, The Bronx",Street,90
Elsa La Reina Del Chicharron,El Monstro del Sazon Pizzaria & Restaurant,86,"1 East 183rd Street, The Bronx",Street,90
Pancho Villa,Don Pancho Villa,95,"2274 Jerome Avenue, The Bronx",2274 Jerome Ave,90
Antojitos La Garnacha,La Roja de Todos Restaurant & Bakery,86,"8 East 183rd Street, The Bronx",Street,90
Tacos El Chavo,El Morro Restaurant & Bar,86,"8 East 183rd Street, The Bronx",Street,90
Kennedy's Chicken & Sandwiches,Kennedy's,90,"2370 University Avenue, The Bronx",196 23 Jamaica Avenue,86
Wahizza,Bash Pizza,71,"80 West Fordham Road, The Bronx",Fordham Road,90
Bryan's Bakery,Bryan’s Bakery,100,"97 West Fordham Road, The Bronx",Fordham Road,90
Restaurante El amor,Restaurant,90,"2541 Aqueduct Avenue, The Bronx",311 Avenue X,86
Kennedy's Fried Chicken,Kennedy Fried Chicken,95,"2487 Jerome Avenue, The Bronx",311 Avenue X,86
Number 8,Number 8 Chinese,90,"176 West Fordham Road, The Bronx",Fordham Road,90
No. 1 China Wok,China Wok,90,"64 West Kingsbridge Road, The Bronx",64 City Island Ave,86
Mirador restaurant,Mirador Restaurant,100,"44 West Kingsbridge Road, The Bronx",149-44 41st Ave,86
El Mangú Restaurant,E Lang Restaurant,91,"80 West Kingsbridge Road, The Bronx",1621 west 1st street,86
Emilio's Pizza,emilio's Pizza,100,"80 West Kingsbridge Road # 101, The Bronx",1621 west 1st street,86
Chris Burger Joint,Burger King,86,"101 West Kingsbridge Road, The Bronx",1621 west 1st street,86
Perista coffee shop,Perista,90,"101 West Kingsbridge Road, The Bronx",1621 west 1st street,86
Montezuma,Montezuma Mexican Restaurant,90,"119 West Kingsbridge Road, The Bronx","119 West Kingsbridge Road Bronx, NY 10468",89
My Pizza,My Pizza,100,"1723 University Avenue, The Bronx",196 23 Jamaica Avenue,86
Kennedy Fried Chicken and Pizza,Kennedy Fried Chicken and Pizza,100,"1708 University Avenue, The Bronx",196 23 Jamaica Avenue,86
Caridad Kitchen,Caridad Kitchen Restaurant,90,"1708 University Avenue, The Bronx",196 23 Jamaica Avenue,86
Miguelina Restaurant,Restaurant,90,The Bronx,"1095 Prospect Ave, Bronx, NY 10459",86
Casa Clema Restaurant & Bar,Restaurant,90,"1731 University Avenue, The Bronx",196 23 Jamaica Avenue,86
Hing Wong,Hing Wong,100,"1687 Macombs Road, The Bronx",Rutland Road,86
LF Giovani's Big Pizza,Giovani's Big Pizza,95,"1799 Montgomery Avenue, The Bronx",196 23 Jamaica Avenue,86
Stronis Pizza,Pizza Pizza,95,"1806 Cedar Avenue, The Bronx",Between 39th and 40th street on 13th Avenue,86
Chinese Gourmet,King Chinese Restaurant,86,"1809 Cedar Avenue, The Bronx",Between 39th and 40th street on 13th Avenue,86
Michely Deli Grocery,Deli & Grocery,95,"169 West Tremont Avenue, The Bronx",196 23 Jamaica Avenue,86
Gramma's Pizza,Pizza Pizza,95,"99b Featherbed Lane, The Bronx",In the Crowne Plaza,86
Xing Sheng - Jackie Chan's Chinese Restaurant,Chinese Restaurant,90,"115 Featherbed Lane, The Bronx",In the Crowne Plaza,86
Seafood House 2,Sea,90,"140 Featherbed Lane, The Bronx",In the Crowne Plaza,86
Cocina Taller,Cocina Latina Restaurant Corp,86,"416 West 203rd Street, New York",New York,90
Taco's El Paisanito,Theresa's Polish American Restaurant,86,"202 West Fordham Road, The Bronx",Fordham Road,90
Patacon Pisao Truck,ATA,90,"431 West 202nd Street, New York",New York,90
Sushi Mambo,Ginpachi Sushi Restaurant,86,"431 West 202nd Street, New York",New York,90
10th Avenue NY,"Golden Forest Chinese Restaurant, Brooklyn Ny",86,"3795 10th Avenue, New York","New York, New York",95
Mina Restaurant and Bar,Mina Bar & Restaurant,95,"3859 10th Avenue, New York","New York, New York",95
Tulcingo Azteca,Tulcingo,90,"3861 10th Avenue, New York","New York, New York",95
La Minita,La Minita Restaurant,90,"3855 10th Avenue, New York","New York, New York",95
NY Frituras,"Golden Forest Chinese Restaurant, Brooklyn Ny",86,"265 Nagle Avenue, New York","New York, New York",95
La Lomita,La Lomita,100,"3868 10th Avenue, New York","New York, New York",95
El Boulevard Fritura Chimichurri,El Patio Restaurant,86,"3881 10th Avenue, New York","New York, New York",95
El Fuerte Fritura Y Chimichurri,El Patio Restaurant,86,"147 Post Avenue, New York","New York, New York",95
Joe Joe's Pizzeria,Joe's Pizzeria,95,"739 Henderson Avenue, Staten Island",196 23 Jamaica Avenue,86
AAA Kennedy Fried Chicken,Kennedy Fried Chicken,95,"253 Broadway, Staten Island",Broadway,90
ABR Pizza House Inc,Pizza,90,"1032 Castleton Avenue, Staten Island",196 23 Jamaica Avenue,86
China Bell,China Gourmet Chinese Restaurant,86,"1068 Castleton Avenue, Staten Island",196 23 Jamaica Avenue,86
Island Garden,Garden 13 Dairy Restaurant and Pizza,86,"823 Castleton Avenue, Staten Island",196 23 Jamaica Avenue,86
Vincent's Pizza,Pizza Pizza,95,"500 Henderson Avenue, Staten Island",196 23 Jamaica Avenue,86
Moe's 1 Deli & Grill,Deli,90,"1147 1/2 Castleton Avenue, Staten Island",1 Worlds Fair Marina,86
Donegan's Grill,Theresa's Polish American Restaurant,86,"26 Elizabeth Street, Staten Island",Street,90
Tu Tipico Dominicano,Tipico Dominicano Restaurant,87,"1195 Castleton Avenue, Staten Island",196 23 Jamaica Avenue,86
My Family Pizza & Chicken,Pizza,90,"1211 Castleton Avenue, Staten Island",196 23 Jamaica Avenue,86
LiGreci's Staaten,Theresa's Polish American Restaurant,86,"697 Forest Avenue, Staten Island",Forest Avenue,90
Emperor House,Hunan House Chinese Restaurant,86,"767 Forest Avenue, Staten Island",Forest Avenue,90
Oaxaca Pizzeria Deli & Taqueria,Deli,90,"1240 Castleton Avenue, Staten Island",196 23 Jamaica Avenue,86
Pastosa Ravioli,Li Li,86,"764 Forest Avenue, Staten Island",Forest Avenue,90
Bruno's Bakery and Restaurant,G's Restaurant and Bakery,91,"676 Forest Avenue, Staten Island",Forest Avenue,90
Cuzco Spanish Restaurant,Spanish restaurant,95,"490 Broadway, Staten Island",Broadway,90
Duffy's,Theresa's Polish American Restaurant,86,"650 Forest Avenue, Staten Island",Forest Avenue,90
Mustard Seed,Star,90,"572 Forest Avenue, Staten Island",Forest Avenue,90
Panini Grill,Golden Krust Caribbean Bakery and Grill,86,"538 Forest Avenue, Staten Island",Forest Avenue,90
3 Guys Sushi,3 Guys,90,"530 Forest Avenue, Staten Island",Forest Avenue,90
ViVi Bubble Tea,Bidonville Coffee and Tea,86,"532b Forest Avenue, Staten Island",Forest Avenue,90
Green Garden Chinese Restaurant,Green Garden Chinese Restaurant,100,"752 Forest Avenue, Staten Island",752 Forest Ave,90
Burrito Bar,El Morro Restaurant & Bar,86,"585 Forest Avenue, Staten Island",Forest Avenue,90
Kings Arms,Istanblue Kings Restaurant,86,"500 Forest Avenue, Staten Island",Forest Avenue,90
Acai bowl,Campus Sugar Bowl Restaurant,86,"West Brighton, Staten Island",41 City Island Ave,86
SoBol,Restaurant Chairs And Bar Stools,72,"480 Forest Avenue, Staten Island",Forest Avenue,90
Milk-N-Things,All Refrigeration 'N Restaurant Equipment,86,"843 Forest Avenue, Staten Island",Forest Avenue,90
Enoteca Maria,Maria's Pizzeria & Restaurant,86,"27 Hyatt Street, Staten Island",Street,90
Marie's 2,Theresa's Polish American Restaurant,86,"5 Hyatt Street, Staten Island",Street,90
Pier 76,Pier 76 Italian Restaurant,90,"76 Bay Street #2511, Staten Island",76 Bay St,90
Hard Hat Cafe,Stars Cafe & Restaurant,86,"90 Bay Street, Staten Island",Bay St,90
Beso,Brooklyn Beso,90,"11 Schuyler Street, Staten Island",Street,90
Chang Noi,Chang Jiang Kitchen Chinese Restaurant,86,"100 Stuyvesant Place, Staten Island",100-11,86
Cargo,Cargo Food Authority,90,"1, 21 Slosson Terrace, Staten Island",45-21 Parsons Blvd,86
Cargo Cafe,Stars Cafe & Restaurant,86,"120 Bay Street, Staten Island",Bay St,90
The Burrito Shoppe,The Golden Glass Restaurant,86,"100 Stuyvesant Place, Staten Island",100-11,86
A & S Pizza,A&A Pizza,95,"87 Stuyvesant Place, Staten Island",41-87 Bowne St,86
Ruddy & Dean,Dean's Pizzeria & Restaurant,86,"44 Richmond Terrace, Staten Island",149-44 41st Ave,86
Green tea chinese,Wing xin chinese restaurant,86,"54 Richmond Terrace, Staten Island",2670 Coney Island Ave,86
M & K Spanish Restaurant,M&K Spanish Restaurant,96,"56 Richmond Terrace, Staten Island",2670 Coney Island Ave,86
Mandi House,Hunan House Chinese Restaurant,86,"58 Richmond Terrace, Staten Island",2670 Coney Island Ave,86
A Little Bit Of This & A Little Bit Of That,A-HO RESTAURANT,86,"210 Clove Road, Staten Island",591 City Island Ave,86
La Canasta Deli,Deli,90,"1255 Castleton Avenue, Staten Island",196 23 Jamaica Avenue,86
Kukiz Luncheonette Inc,Sunshine Restaurant Food & Catering Inc,86,"11 Jewett Avenue, Staten Island",40-11 150th St,86
Bermay Luncheonette,One & One,86,"1920 Richmond Terrace, Staten Island",2670 Coney Island Ave,86
New Taqueria Puebla II Restaurant & Grocery,Restaurant,90,"2049 Richmond Terrace, Staten Island",2670 Coney Island Ave,86
Mexican Tamales Martita,MEXICAN RESTAURANT RESTAURANTE MEXICANO GUATEMALTECO MEXICAN FOOD,86,"99 Port Richmond Avenue, Staten Island",Richmond Avenue,90
Tortillería Oaxaca,Nori,68,"121 Port Richmond Avenue, Staten Island",Richmond Avenue,90
Cafe Con Pan,Stars Cafe & Restaurant,86,"137 Port Richmond Avenue, Staten Island",Richmond Avenue,90
Los Potrillos,El Rinconcito De Los Sabores Restaurant & Deli,86,"150 Port Richmond Avenue, Staten Island",Richmond Avenue,90
Compadres,Los Compadres Food - ATM,90,"92-21 Liberty Avenue, Ozone Park",Liberty ave,90
Ho Ho Garden,Garden 13 Dairy Restaurant and Pizza,86,"9306 Liberty Avenue, Jamaica",Liberty ave,90
La Cabaña Peruana,La Strada Pizzeria & Restaurant,86,"9304 Liberty Avenue, Queens",Liberty ave,90
La Bonanza Bakery,bakery,90,"9314 Liberty Avenue, Jamaica",Liberty ave,90
The Rock Restaurant & Diner,Diner,90,"91-17 Liberty Avenue, Ozone Park",Liberty ave,90
Mia Halal Food,Mia Halal Food,100,"105-07 Cross Bay Boulevard, Ozone Park",95-07 31st Ave,86
Woodhaven cafe & pizzeria,Cafe 47,86,"105-09 Cross Bay Boulevard, Queens",13861 Queens Blvd,86
Ali’s Latin Food,Latin Food,90,"94-22 Liberty Avenue, Jamaica",Liberty ave,90
El Boulevard,El Boulevard Fritura Chimichurry Bbq Food Truck,90,"9422 Liberty Avenue, Ozone Park",Liberty ave,90
Esquire,Rex,72,"105-45 Cross Bay Boulevard, Queens",45-21 Parsons Blvd,86
Ozone Pizzeria,La Strada Pizzeria & Restaurant,86,"9615 Liberty Avenue, Jamaica",Liberty ave,90
Peking House,Peking House,100,"96-17 Liberty Avenue, Ozone Park",Liberty ave,90
Libertad Restaurant,Libertad Restaurant,100,"9619 Liberty Avenue, Queens",Liberty ave,90
Neighborhood Halal Food Cart,Halal Food,90,"9602 Rockaway Boulevard, Ozone Park",133 Rockaway Ave,86
Kennedy Chicken & Grill,Golden Krust Caribbean Bakery and Grill,86,"96-21 Rockaway Boulevard, Ozone Park",45-21 Parsons Blvd,86
liberty coffee shop,Liberty Coffee Shop,100,"8806 Liberty Avenue, Ozone Park",Liberty ave,90
Yummy Yummy Chinese Restaurant,Yummy Yummy Chinese Restaurant,100,"13206 Cross Bay Boulevard, Queens",13861 Queens Blvd,86
Nazca,Azteca,73,"132-04 Cross Bay Boulevard, Ozone Park",6702 Bay Pkwy,86
Golden Way,Golden Way Thai & Chinese Restaurant,90,13309 Cross Bay Boulevard,6702 Bay Pkwy,86
Viva Mis Empanadas,Cesar's Empanadas,74,"133-11 Cross Bay Boulevard, Ozone Park",40-11 150th St,86
Romeo Pizzeria,La Strada Pizzeria & Restaurant,86,"134-24 Cross Bay Boulevard, Jamaica",196 23 Jamaica Avenue,86
Alessandro’s Sausage & Peppers,Moti's,86,"137-02 Cross Bay Boulevard, Ozone Park",205-02 Hillside Ave,86
Barnett Catering,Sunshine Restaurant Food & Catering Inc,86,"137-08 Redding Street, Ozone Park",Street,90
Aldo's,Aldo's Pizzeria & Restaurant,90,"137-01 Cross Bay Boulevard, Ozone Park",171-01 Northern Blvd,86
Jade Garden Restaurant,Garden Restaurant,95,"96-27 Linden Boulevard, New York",New York,90
CJ's,CJ's Restaurant and Pub,90,"137-09 Cross Bay Boulevard, Ozone Park",6702 Bay Pkwy,86
The Ozone Diner,Diner,90,"133-35 79th Street, Howard Beach",9th St,90
New Garden Kitchen,New Lin's Garden Kitchen,95,"76-14 Liberty Avenue, Queens",76-14 Liberty Ave,90
New Good Taste,Good Taste,95,"85-06 Pitkin Avenue, Jamaica",85-06 Pitkin Ave,90
LULU CHINESE,King Chinese Restaurant,86,"7806 101st Avenue, Ozone Park",1st ave.,90
Policano’s Italian Sausage,Ambrosia Italian and Albanian Restaurant,86,"Linden Blvd & 79th Street, Howard Beach",9th St,90
Mannan Sweets & Restaurant,Restaurant,90,"75-13 101st Avenue, Jamaica",1st ave.,90
Yang-Kee's No 1,No.1,90,"75-01 101st Avenue, New York",New York,90
Zerie’s Halal Food,Zerie's Halal Food,100,Ozone Park,451 Morris Park Ave,86
Jing Wah,Jing Wah Chinese Restaurant,90,"8720 Liberty Avenue, Queens",Liberty ave,90
Mel's Southern Soul-Food & Party Planner,Moti's,86,"642 Eldert Lane #3g, Brooklyn",brooklyn,90
City Line Pizza & Pasta,City Line Pizza & Pasta,100,1224 Liberty Avenue,Liberty Avenue,95
Lindenwood Diner,Diner,90,"2870 Linden Boulevard, Brooklyn",brooklyn,90
Jade Linden,Jade Fountain Chinese Cuisine,86,"78-6 Linden Boulevard, Queens",69-78 188th St,86
Momo's Mediterranean Grill,Moti's,86,"25 101st Avenue, Brooklyn",brooklyn,90
China Doll,China Gourmet Chinese Restaurant,86,"1360 Loring Avenue, Brooklyn",brooklyn,90
La Villa Pizzeria,La Villa Pizzeria & Restaurant,90,"8207 153rd Avenue, Howard Beach",8207 153rd Ave,90
Kawaii,Kawaii Japanese Restaurant,90,"82-19 153rd Avenue, Howard Beach",3rd Ave.,90
Linden Fried Chicken,Crazy Chicken Restaurant & Coffee Shop,86,"2596 Linden Boulevard, Brooklyn",brooklyn,90
Krabtrap soul seafood,Sea,90,Brooklyn,brooklyn,100
China Doll,China Gourmet Chinese Restaurant,86,"2526 Linden Boulevard, Brooklyn",brooklyn,90
American Hero,American Hero,100,"2488 Linden Boulevard, Brooklyn",brooklyn,90
Caricom Foods,Eisenberger's Health Foods,86,"601 Wortman Avenue, Brooklyn",brooklyn,90
Coco's,Coco South East Asian,90,"1377 Sutter Avenue, Brooklyn",1377 Sutter Ave,90
Flint Hill Hometown Eatery,Carnegie Hill Restaurant & Coffee House,86,"1314 Sutter Avenue, Brooklyn",brooklyn,90
Mr. Chicken & Mrs. Tea,Mr. Pollo,86,"New York, 15029 Crossbay Blvd, Store #1",New York,90
Kandela,Kanela Restaurant & Bar,77,"150-03 Cross Bay Boulevard, Ozone Park",156-03 Northern Blvd,86
Hana Asian Bistro,Fuji Hana,86,"150-03 Cross Bay Boulevard, Ozone Park",156-03 Northern Blvd,86
Arepalicious,Li Li,86,"137-20 Cross Bay Boulevard, Ozone Park",144-20,86
Matteo's,Theresa's Polish American Restaurant,86,"155-10 Cross Bay Boulevard, New York",New York,90
C & C Italian Deli,C&C Italian Deli,95,"149-19 Centreville Street, Ozone Park",Street,90
Danny's Szechuan Garden,Theresa's Polish American Restaurant,86,"156-40 Cross Bay Boulevard, Queens",40-11 150th St,86
Greek Grill Taverna NY,"Golden Forest Chinese Restaurant, Brooklyn Ny",86,"156-40 Cross Bay Boulevard, Howard Beach",40-11 150th St,86
New Park Pizza,Park Pizza,95,"156-71 Cross Bay Boulevard, Howard Beach",156-28 Northern Blvd,86
K Burger,L&K Jamaican Restaurant,86,"75-45 Main Street, Flushing",Main Street,90
Tel Aviv,El Cavier Restaurant,68,"75-39 Main Street, Flushing",Main Street,90
Pita Hot,Hot Pot Jamaican & American Restaurant,86,"75-45 Main Street, Flushing",Main Street,90
Bellerose Famous Pizza,Bellerose Famous Pizza,100,"79-9 Main Street, Flushing",Main Street,90
Simcha corner,Roti Corner Restaurant,86,"73-01 Main Street, Kew Gardens Hills",Main Street,90
Benjy's Kosher Pizza Dairy Restaurant & Sushi Bar,Restaurant,90,"7272 Main Street, Queens",Main Street,90
Panda Garden,Panda Garden,100,"147-01 Union Turnpike, Flushing",147-18 Northern Blvd,86
Elite Cafe,Elite Cafe,100,"72-28 Main Street, Flushing",Main Street,90
Hapisgah,Padishah,62,"147-25 Union Turnpike, Flushing",147-18 Northern Blvd,86
Annie's Kitchen,Theresa's Polish American Restaurant,86,"7224 Main Street, Flushing",Main Street,90
Holy Schnitzel (Queens),Queen,90,"7222 Main Street, New York","New York, New York",95
Meal Mart On Main Street,620 on Caton Pizzeria and Restaurant,86,"7210 Main Street, Flushing",Main Street,90
Genesis Pizza,Pizza Pizza,95,"14909 Union Turnpike, Flushing",2930 Union St,86
New Peter's Kitchen,New Fulin Kwok Seafood Restaurant,86,"14909 Union Turnpike A, Flushing",2930 Union St,86
The Sandwich Bar,El Morro Restaurant & Bar,86,"Main Street 71-32 B, Flushing",Main Street,90
Mira Sushi Restaurant Queens,Restaurant,90,"153-11 Union Turnpike, Flushing",40-11 150th St,86
No1 Yummy Taco,Yummy Yummy,95,"154-01 Union Turnpike, Flushing",54-01,90
The Sweet Garden,Garden 13 Dairy Restaurant and Pizza,86,"79-22 Parsons Boulevard, Flushing",45-21 Parsons Blvd,86
Zen,Zen Restaurant/Lounge,90,"7928 Parsons Boulevard, Fresh Meadows",45-21 Parsons Blvd,86
Father and Son Halal Food,Father Son Halal Food,95,"73-01 Kissena Boulevard, Flushing",Kissena,90
Zoilita's,Zoilita's Bakery & Restaurant,90,"79-34 Parsons Boulevard, Fresh Meadows",45-21 Parsons Blvd,86
Emilio's Cucina Restaurant,Restaurant,90,"150K Greaves Lane, Staten Island",2670 Coney Island Ave,86
Genki Sushi House,Gen,90,"150 Greaves Lane, Staten Island",563 Coney Island Ave,86
Villa Paradiso Ristorante Italiano,Villa Paradiso,90,"145 Greaves Lane, Staten Island",563 Coney Island Ave,86
Mansion Grand,564 Grand Restaurant,86,"141 Mansion Avenue, Staten Island",196 23 Jamaica Avenue,86
La Candela Espanola,La Strada Pizzeria & Restaurant,86,"3923 Amboy Road, Staten Island",563 Coney Island Ave,86
Flanagan's Tavern,Theresa's Polish American Restaurant,86,"3932 Amboy Road, Staten Island",563 Coney Island Ave,86
Piccolino Ristorante NY,"Golden Forest Chinese Restaurant, Brooklyn Ny",86,"3935 Amboy Road, Staten Island",563 Coney Island Ave,86
Bam Sports Bar and Grill,Ambrosia Italian and Albanian Restaurant,86,"3937 Amboy Road, Staten Island",563 Coney Island Ave,86
Lucky Fortune,Lucky,90,"3945 Amboy Road, Staten Island",563 Coney Island Ave,86
Mimmo's Brick Oven Pizza & Trattoria,Pizza,90,"15 Giffords Lane, Staten Island",91-15 31st Ave,86
Mike Jr’s Richmond Diner,Diner,90,"3954 Richmond Avenue, Staten Island",Richmond Avenue,90
Fanelli's,Theresa's Polish American Restaurant,86,"3946 Richmond Avenue, Staten Island",Richmond Avenue,90
Eltingville Meats,TANG,68,"3946 Richmond Avenue, Staten Island",Richmond Avenue,90
Campania,Mangia,71,"3900 Richmond Avenue, Staten Island",3900 Richmond Ave,90
Filoncino Cafe,Stars Cafe & Restaurant,86,"4569 Amboy Road, Staten Island",563 Coney Island Ave,86
"Ali Baba hookah lounge, Cafe & Middle Eastren Cuisine",Stars Cafe & Restaurant,86,"4561 Amboy Road, Staten Island",563 Coney Island Ave,86
Tomo,Tomo Japanese Cafe,90,"4561 Amboy Road, Staten Island",563 Coney Island Ave,86
Sal & Lloyd's Pizza Place,Pizza Place,90,"3850 Richmond Avenue, Staten Island",Richmond Avenue,90
Richmond Republic,Li Li,86,"4459 Amboy Road, Staten Island",563 Coney Island Ave,86
Kiku,Kiku,100,"3838 Richmond Avenue, Staten Island",Richmond Avenue,90
Kingdom Pizza Cafe,Pizza,90,"4350 Amboy Road, Staten Island",563 Coney Island Ave,86
Avocado Sushi,Ginpachi Sushi Restaurant,86,"4342 Amboy Road, Staten Island",563 Coney Island Ave,86
Empire Szechuan,Empire Szechuan,100,"4373 Amboy Road, Staten Island",563 Coney Island Ave,86
East Sushi,C&L Of East Ocean Restaurant,86,"4371 Amboy Road, Staten Island",563 Coney Island Ave,86
Elverton Bagels & Deli,Deli,90,"451-507 Elverton Avenue, Staten Island",196 23 Jamaica Avenue,86
Trattoria Toscana,Maria's Trattoria Restaurant,86,"4200 Hylan Boulevard, Staten Island",Hylan Boulevard,90
Andrew’s Diner,Diner,90,"4160 Hylan Boulevard, Staten Island",Hylan Boulevard,90
Capizzi,Angelica Pizzeria & Restaurant,77,"4126 Hylan Boulevard, Staten Island",Hylan Boulevard,90
Hong Kong Kei One,Hong Kong,90,"4207 Hylan Boulevard, Staten Island",Hylan Boulevard,90
Portobello Cafe,Stars Cafe & Restaurant,86,"4221 Hylan Boulevard, Staten Island",Hylan Boulevard,90
Cucumber,Amber,72,"4215 Hylan Boulevard, Staten Island",Hylan Boulevard,90
Bomond,Tuttolomondo Pizza,75,"4072 Hylan Boulevard, Staten Island",Hylan Boulevard,90
Nature's Grill Cafe,Theresa's Polish American Restaurant,86,"4115 Hylan Boulevard, Staten Island",Hylan Boulevard,90
Giuliana's,Theresa's Polish American Restaurant,86,"4105 Hylan Boulevard, Staten Island",Hylan Boulevard,90
Cole's Dock Side,Theresa's Polish American Restaurant,86,"369 Cleveland Avenue, Staten Island",196 23 Jamaica Avenue,86
Banhmigos,Bann,68,"4018 Hylan Boulevard, Staten Island",Hylan Boulevard,90
Big Al's Chicago Style Pizza,Big Al's Chicago Style Pizza,100,"4069 Hylan Boulevard, Staten Island",Hylan Boulevard,90
Fiore Di Mare,Fiore,90,"227 Mansion Avenue, Staten Island",196 23 Jamaica Avenue,86
Michael Anthony's Restaurant,Michael's Restaurant,95,"307 Nelson Avenue, Staten Island",196 23 Jamaica Avenue,86
Bistro Grill,Golden Krust Caribbean Bakery and Grill,86,"3972 Hylan Boulevard, Staten Island",Hylan Boulevard,90
Mike's Place,Theresa's Polish American Restaurant,86,"4677 Hylan Boulevard, Staten Island",Hylan Boulevard,90
Baya Bar Hylan Blvd.,Bar Sol De Quito Restaurant II,86,"2381 Hylan Boulevard, Staten Island",Hylan Boulevard,90
Moe's Southwest Grill,Theresa's Polish American Restaurant,86,"2397 Hylan Boulevard, Staten Island",Hylan Boulevard,90
Tori's,Yakitori Sun-Chan,90,"859 East 149th Street, The Bronx",9th St,90
La Espiga 3 Estrellas,La Espiga,90,"558 Southern Boulevard, The Bronx",901 Southern Blvd,86
Wilbel Pizza,Wilbel pizza,100,"605 Southern Boulevard, The Bronx",901 Southern Blvd,86
149st DELI,Deli,90,"543 Southern Boulevard, The Bronx",901 Southern Blvd,86
3J,3J Restaurant,90,"554 Southern Boulevard, The Bronx",901 Southern Blvd,86
La Patrona Restaurant,La Patrona Restaurant,100,"812 East 149th Street, The Bronx",9th St,90
Ivy Juice Bar and Deli,Ivy Juice Bar & Deli,95,"800 East 149th Street, The Bronx",9th St,90
Spofford Deli & Grocery,Deli & Grocery,90,"706 Faile Street, The Bronx",Street,90
May May,Maison May,95,"741 Hunts Point Avenue, The Bronx",741 Hunts Point Ave,90
New Pepperonis Pizza,Pizza,90,"1308 Lafayette Avenue, The Bronx",Lafayette Ave,90
New Chinese Fried Chicken,"Golden Forest Chinese Restaurant, Brooklyn Ny",86,"1312 Lafayette Avenue, The Bronx",Lafayette Ave,90
Los Primos Chimichurris,El Rinconcito De Los Sabores Restaurant & Deli,86,Corona,9462 Corona Ave,90
K's Cafeteria,Theresa's Polish American Restaurant,86,"48-03 108th Street, Flushing",Street,90
Leo's Latticini,Theresa's Polish American Restaurant,86,"46-02 104th Street, Corona",Street,90
Tacos y Quesadillas Mexico,J Y R Restaurant,86,"10440 Corona Avenue, Corona",Between 39th and 40th street on 13th Avenue,86
Corona Flowers Inc.,Sunshine Restaurant Food & Catering Inc,86,"104-14 Corona Avenue, Corona",Between 39th and 40th street on 13th Avenue,86
Cienega Las Tlayudas de Oaxaca,El Rinconcito De Los Sabores Restaurant & Deli,86,"10432 Corona Avenue, Queens",Between 39th and 40th street on 13th Avenue,86
Manuel E.,E and J Restaurant,86,"103-28 Corona Avenue, Corona",Between 39th and 40th street on 13th Avenue,86
Las Delicias Peruanas,Delicia,90,"43-07 104th Street, Corona",Street,90
Park Side,Park Side,100,"107-01 Corona Avenue, Corona",107-01 Corona Ave,90
Lomazoyatl Deli Grocery,Deli Grocery,90,"10616 Corona Avenue, Corona",Between 39th and 40th street on 13th Avenue,86
Paraiso Colombiano,Paraiso Colombiano Restaurant,90,"106-20 Corona Avenue, Flushing",106-20 Corona Ave,90
Los Andes,Los Pollitos III,86,"106-16 Corona Avenue, Flushing",311 Avenue X,86
Don Alex,Don Alex Restaurant,90,"10626 Corona Avenue, Flushing",10626 Corona Ave,90
Campeon Del Pollo,El Monstro del Sazon Pizzaria & Restaurant,86,"107-02 Corona Avenue, Flushing",107-02 Corona Ave,90
Linda Azoguenita Bakery & Restaurant,Linda Azoguenita Bakery & Restaurant,100,"51-01 108th Street, Corona",51-01 108th St,90
Loly's Deli,Deli,90,"107-04 Corona Avenue, Queens",Between 39th and 40th street on 13th Avenue,86
Corona Pizza,Pizza Pizza,95,"5123 108th Street, Corona",Street,90
Tech Chef,King's Chef Chinese Restaurant,86,"59-30 108th Street, Flushing",Street,90
Empanadas Cafe,Stars Cafe & Restaurant,86,"5627 Van Doren Street, Queens",Street,90
Empanadas del parque,El Monstro del Sazon Pizzaria & Restaurant,86,"56-20 Van Doren Street, Flushing",Street,90
Chuang Chef,Chuang Chef Chinese Restaurant,90,"5527 108th Street, Queens",5527 108th St,90
City Grill,Golden Krust Caribbean Bakery and Grill,86,"102-23B Horace Harding Expressway, Corona",18422 Horace Harding Expy,86
Kai Fish Market,Fish Market,95,"102-23 Horace Harding Expressway, Corona",196 23 Jamaica Avenue,86
Tacos Gloria,Gloria's Restaurant,86,"10307 Martense Avenue, Corona",10307 Northern Blvd,86
Double,Double Dragon Chinese Restaurant,90,"53-16 108th Street, Corona",Street,90
Asadero La Fogata,ATA,90,"108-40 Corona Avenue, Flushing",40-11 150th St,86
Tacos Gloria (food cart),Food Cart,90,"53-05 108th Street, Corona",Street,90
El Palacio de Las Empanadas,El Mexicano,86,"53-02 108th Street, Corona",Street,90
D'Angelo's Pizza & Pasta,Angelo's Pizza,90,63-27 108th Street,Street,90
5 De Mayo,5 De Mayo Food Market,90,"108-9 53rd Avenue, Corona",3rd Ave.,90
El Teniente L.L.C.,C&L Of East Ocean Restaurant,86,"104-21 53rd Avenue, Corona",3rd Ave.,90
El Rey Latino,El Morro Restaurant & Bar,86,"63-42 108th Street, Forest Hills",Street,90
Salut 2000,Le Zie 2000 Trattoria,86,"6342 108th Street, Forest Hills",Street,90
Mini burger,Mini Star Restaurant,86,"6353 108th Street, Forest Hills",Street,90
Antojitos 37 Corporation,Guang Zhou Resturant (formerly Perfect Team Corporation),86,"9607 37th Avenue, Corona",7th Ave,90
Happy World,Happy World,100,"96-03 37th Avenue, Corona",7th Ave,90
Vbrestaurant,Restaurant,91,"35-58 97th Street, Corona",Street,90
La Abundancia Bakery,La Abundancia Bakery & Restaurant,90,"37-01 Junction Boulevard, Corona",171-01 Northern Blvd,86
Boca Chica,Boca Chica Seafood Restaurant,90,"96-20 37th Avenue, Corona",7th Ave,90
Nuevo Milleneum Inc,Sunshine Restaurant Food & Catering Inc,86,"97-07 37th Avenue, Flushing",7th Ave,90
Bambino's,Bambino's Pizza,90,"9717 37th Avenue, Flushing",7th Ave,90
La Nortena,La Nortena,100,"9713 37th Avenue, Flushing",7th Ave,90
Sarku Japan Teriyaki & Sushi Express,Sushi Ji Restaurant,86,"37-21 Junction Boulevard, Corona",45-21 Parsons Blvd,86
Sueño Americano Bar Restaurante,Restaurant,90,"35-16 Junction Boulevard, Jackson Heights",3452 Junction Blvd,86
Susano’s,Theresa's Polish American Restaurant,86,"95-12 35th Avenue, Flushing",5th Avenue,90
Emily,Emily's Restaurant,90,"35-64 95th Street, Jackson Heights",Street,90
Mr Crab,Mr Triunfel Restaurant,86,"34-64 Junction Boulevard, Jackson Heights",3452 Junction Blvd,86
Salchipapas y Ceviche de Chochos El Mijin,El Morro Restaurant & Bar,86,"105th Street & 37th Avenue, Corona",7th Ave,90
Ho Mei,Ho Mei - Chinese Food,90,"103-05 37th Avenue, Flushing",7th Ave,90
The Holy Grill,The Golden Glass Restaurant,86,"104-02 Northern Boulevard, Queens",147-18 Northern Blvd,86
Cibao,Cibao,100,"10422 Northern Boulevard, Flushing",147-18 Northern Blvd,86
Charo Restaurant,Charo Restaurant,100,"102-01 37th Avenue, Corona",7th Ave,90
Rancho Latino,Sabor Latino Cuchifrito Restaurant,86,"37-08 103rd Street, Corona",103rd Street,90
El Sabor Azogueno Bakery & Restaurant,Sabor Restaurant & Bakery,95,"10119 37th Avenue, Queens",7th Ave,90
G’s Famous Pizza & La Favorita Deli Grocery,Famous Pizza,90,"3722 103rd Street, Flushing",103rd Street,90
El Nuevo Salinas,El Morro Restaurant & Bar,86,"102-02 Northern Boulevard, Flushing",147-18 Northern Blvd,86
Guaro,Guaro Restaurant,90,"107-01 37th Avenue, Flushing",107-01 37th Ave,90
No.1,No.1,100,"106-14 Northern Boulevard, Flushing",147-18 Northern Blvd,86
Carniceria Mexicana,Mexicana,90,"10509 Northern Boulevard, Corona",147-18 Northern Blvd,86
Lung Sing,Lung Sing Chinese Restaurant,90,"103-07 Northern Boulevard, Flushing",147-18 Northern Blvd,86
Encuentro 103 Restaurant,Restaurant,90,"37-29 103rd Street, Corona",103rd Street,90
Tacos Mexico,Tacos Mexico,100,"10203 Northern Boulevard, Corona",147-18 Northern Blvd,86
Plaza Deli,Plaza Deli,100,"101-06 Northern Boulevard, Corona",147-18 Northern Blvd,86
Las Serranitas Bar & Restaurant,Restaurant,90,"100-11 37th Avenue, Corona",100-11,90
Northern Café Grill & Chimi,152-12 Northern Blvd Chinese Restaurant,86,"101-13 Northern Boulevard, Corona",147-18 Northern Blvd,86
China Delight,China Delight,100,"9912 37th Avenue, Flushing",7th Ave,90
Crepes n things,All Refrigeration 'N Restaurant Equipment,86,"348 Bowery, New York","New York, New York",95
The Bowery Hotel,The Golden Glass Restaurant,86,"335 Bowery, New York","New York, New York",95
Sushi on Jones,Ginpachi Sushi Restaurant,86,"348 Bowery, New York","New York, New York",95
Sage Kitchen,Halal Chinese Kitchen,86,"352 Bowery, New York","New York, New York",95
YOSHINO · NEW YORK,New Fulin Kwok Seafood Restaurant,86,"342 Bowery, New York","New York, New York",95
The Jones,The Golden Glass Restaurant,86,"54 Great Jones Street, New York",New York,90
Bohemian,Bohemian Spirit Restaurant,90,"57 Great Jones Street, New York",New York,90
Sorbillo Pizzeria,La Strada Pizzeria & Restaurant,86,"334 Bowery, New York","New York, New York",95
Il Buco Alimentari & Vineria,Il Bacco,86,"53 Great Jones Street, New York",New York,90
B Bar & Grill,El Morro Restaurant & Bar,86,"40 East 4th Street, New York",New York,90
Misirizzi,MIMI,68,"36 East 4th Street, New York",New York,90
Ogawa,Megawash Fresh Meadows,72,"36 East 4th Street, New York",New York,90
Sushi by M,Ginpachi Sushi Restaurant,86,"75 East 4th Street, New York",New York,90
Fish Cheeks,Fish,90,"55 Bond Street, New York","New York, New York",95
By Name Cafe,Stars Cafe & Restaurant,86,"324 Bowery, New York","New York, New York",95
Kissaki Omakase,Maya,68,"319 Bowery, New York","New York, New York",95
Stillwater Bar & Grill,La Kuchara Ecuadorian Restaurant Bar,86,"78-80 East 4th Street, New York",New York,90
Ama Raw Bar,Raw,90,"190 Avenue B, New York","New York, New York",95
Haile,Kay Manmanm Restaurant and Fritaille,72,"182 Avenue B, New York","New York, New York",95
Frangos Peri Peri,TANG,68,"182 Avenue B, New York","New York, New York",95
B Cup Cafe New York City,Cup,90,"212 Avenue B, New York","New York, New York",95
Guac,Arepera Guacuco Restaurant,90,"179 Avenue B, New York","New York, New York",95
Sal's,Sal's Restaurant,90,"216 Avenue B, New York","New York, New York",95
Khiladi NYC,The NYC Bull - Restaurant & Rotisserie,86,"175 Avenue B, New York","New York, New York",95
Eleven B,C B Finger Licking Jamaican and West Indian Restaurant,86,"174 Avenue B, New York","New York, New York",95
Desi Galli,Desi Shad Sweets and Restaurant,86,"172 Avenue B, New York","New York, New York",95
The Roost,The Golden Glass Restaurant,86,"222 Avenue B, New York","New York, New York",95
Raclette,Palette Restaurant and Wine Bar,68,"511 East 12th Street, New York",New York,90
Barnyard Cheese Shop,X-tra Cheese Pizzeria & Restaurant,86,"168 Avenue B, New York","New York, New York",95
Hibachi Express,Cam Tak Express Restaurant,86,"536 East 14th Street, New York",New York,90
Dua Kafe,Subway Cafe,63,"520 East 14th Street, New York",New York,90
Gnocco,Poco,68,"337 East 10th Street, New York",New York,90
Au Za'atar,ATA,90,"188 Avenue A, New York","New York, New York",95
M & J,J and R Bakery and Restaurant,86,"600 East 14th Street, New York",New York,90
Gomi Korean Wine Bar,Bar Sol De Quito Restaurant II,86,"186 Avenue A, New York","New York, New York",95
Borrachito,Ranchito Restaurant,63,"206 Avenue A, New York","New York, New York",95
Shu Han Ju II,Bar Sol De Quito Restaurant II,86,"58 3rd Avenue, New York","New York, New York",95
Fu Chinese Cuisine,18 Chinese Cuisine,89,"58 3rd Avenue, New York","New York, New York",95
Boilery East Village,East Dynasty Chinese Restaurant,86,"58 3rd Avenue, New York","New York, New York",95
Jin Kitchen and Bar,Ambrosia Italian and Albanian Restaurant,86,"58 3rd Avenue, New York","New York, New York",95
Ainsworth East Village,Dragon Village Chinese Restaurant,86,"64 3rd Avenue, New York","New York, New York",95
Kotobuki,Kyoto Sushi,63,"56 3rd Avenue, New York","New York, New York",95
麻辣面对面,Super Taste (百味蘭州拉面) (Super Taste),18,"50 3rd Avenue, New York","New York, New York",95
Meet Noodles,Kuai An Hand Pull Noodles Restaurant,86,"50 3rd Avenue, New York","New York, New York",95
Heavenly Market and Deli,Deli,90,"77 3rd Avenue, New York","New York, New York",95
Westside Market,Westside Market,100,"84 3rd Avenue, New York","New York, New York",95
Third North Courtyard Cafe,Cafe 47,86,"NYU Third North Residence Hall, 75 3rd Avenue, New York",New York,90
Yuba,Cuba,75,"105 East 9th Street, New York",New York,90
Happy Bowls NYC,Happy Family Restaurant,86,"61 4th Avenue, New York","New York, New York",95
Han Dynasty,Dynasty Chinese Restaurant,86,"90 3rd Avenue, New York","New York, New York",95
Hunan Bistro,Hunan House Chinese Restaurant,86,"96 3rd Avenue, New York","New York, New York",95
Sharaku,Sharaku,100,"14 Stuyvesant Street, New York",New York,90
Alitalia,Alitalia Pizzeria Restaurant,90,"1138 East Tremont Avenue, The Bronx",196 23 Jamaica Avenue,86
Lucky House,Lucky House Restaurant,90,"1151 East Tremont Avenue, The Bronx",196 23 Jamaica Avenue,86
3A'S Legacy Salad & Grill,Moti's,86,"445 Morris Park Avenue, The Bronx",park avenue,90
El Salvadoreño,"El Salvadoreño, bar & restaurante",90,"455 Morris Park Avenue, The Bronx",park avenue,90
Chinese 5 Star,Star,90,"1715 East 174th Street, The Bronx",Street,90
Food Hai,Food Hai,100,"2030 Boston Road, The Bronx",Boston Road,90
Twin Donut Plus,Twin Ponds Restaurant & Bakery,86,"1061 East Tremont Avenue, The Bronx",196 23 Jamaica Avenue,86
Chin Ming Chan,Ming Star Chinese Restaurant,86,"2036 Boston Road, The Bronx",Boston Road,90
La cocina de Yala,La Cocina,90,"1756 East 174th Street, The Bronx",Street,90
Palermo Pizza,Pizza Pizza,95,"1764 East 174th Street, The Bronx",Street,90
Big Apple,Big Apple Restaurant,90,"936 East Tremont Avenue, The Bronx",196 23 Jamaica Avenue,86
Tropa Pizzaria,Pizza,90,"924 East Tremont Avenue, The Bronx",196 23 Jamaica Avenue,86
King Grill,King Chinese Restaurant,86,"855 East 169th Street, The Bronx",9th St,90
Joe & Pat's,Joe & Pat's Pizzeria and Restaurant,90,"1758 Victory Boulevard, Staten Island",2670 Coney Island Ave,86
How Greek It Is Too!,Big Nick's Burger & Pizza Joint Too,86,"1734 Victory Boulevard, Staten Island",2670 Coney Island Ave,86
Jelisa's Cafe,Theresa's Polish American Restaurant,86,"1756 Victory Boulevard, Staten Island",2670 Coney Island Ave,86
Mexican Cantina,Mad Dog & Beans Mexican Cantina,90,"1736 Victory Boulevard, Staten Island",2670 Coney Island Ave,86
Mountain Fusion Inc,Taipan Fusion Restaurant and Hookah Lounge,86,"1765 Victory Boulevard, Staten Island",2670 Coney Island Ave,86
Bagel Bistro Diner & Grill,Diner,90,"1810 Victory Boulevard, Staten Island",2670 Coney Island Ave,86
East New Sing Bo Chinese,"Golden Forest Chinese Restaurant, Brooklyn Ny",86,"1745 Victory Boulevard, Staten Island",2670 Coney Island Ave,86
Spice Rack,Spice,90,"1791 Victory Boulevard, Staten Island",2670 Coney Island Ave,86
Tokyo Sushi Korean BBQ,Yo Sushi,90,"1710 Victory Boulevard, Staten Island",2670 Coney Island Ave,86
Noodlefan,满粥麵 Wonton Noodle Garden Restaurant,70,"1809 Victory Boulevard, Staten Island",2670 Coney Island Ave,86
Goodfella's,Goodfella's Pizza,90,"1817 Victory Boulevard, Staten Island",2670 Coney Island Ave,86
Staten Island Diner,Diner,90,"1877 Victory Boulevard, Staten Island",2670 Coney Island Ave,86
The Beer Garden,Garden 13 Dairy Restaurant and Pizza,86,"1883 Victory Boulevard, Staten Island",2670 Coney Island Ave,86
Village Maria Pizza,Village Pizza,95,"768 Manor Road, Staten Island",591 City Island Ave,86
Happy Fortune,Happy Family Restaurant,86,"770 Manor Road, Staten Island",591 City Island Ave,86
The Burrito Spot,The Golden Glass Restaurant,86,"1903 Victory Boulevard, Staten Island",2670 Coney Island Ave,86
Finest Halal Food,Finest Halal Food Truck,95,"1931 Victory Boulevard, Staten Island",2670 Coney Island Ave,86
DiLeo's Pizzeria,Dino's Pizzeria,90,"2491 Victory Boulevard, Staten Island",2670 Coney Island Ave,86
New Yung Hong Chinese Takeout,New Yung Hong,90,"2491 Victory Boulevard, Staten Island",2670 Coney Island Ave,86
New kings pizzeria & restaurant inc,Restaurant,90,"2212 Victory Boulevard, Staten Island",2670 Coney Island Ave,86
Dairy Palace,Dagan Pizza & Dairy Restaurant,86,"2216 Victory Boulevard, Staten Island",2670 Coney Island Ave,86
Jimmy Max,Max,90,"280 Watchogue Road, Staten Island",2670 Coney Island Ave,86
Mezcal's,Mezcal's,100,"20 Bradley Avenue, Staten Island",144-20,86
Paesano's Pizzeria,La Strada Pizzeria & Restaurant,86,"12 Bradley Avenue, Staten Island",152-12 Northern Blvd,86
Roberto's Gourmet Kitchen,Robert,90,"2048 Victory Boulevard, Staten Island",2670 Coney Island Ave,86
Empire East,C&L Of East Ocean Restaurant,86,"1445 Richmond Avenue, Staten Island",1445 Richmond Ave,90
La Piazza Pizzeria & Restaurant,Pizzeria & Restaurant,95,"1445 Richmond Avenue, Staten Island",1445 Richmond Ave,90
Randiwa,ALDI,68,"1405 Richmond Avenue, Staten Island",Richmond Avenue,90
Sanma Japanese Restaurant,Sanma Japanese Restaurant,100,"10, Akron Street, New York","New York, New York",95
M & J Pizza,J-M Pizza II,95,"10 Akron Street, Staten Island",10 Akron St,90
Delicious shwarma,Deli,90,"2005 Victory Boulevard, Staten Island",2670 Coney Island Ave,86
Mizuumi,MIMI,73,"1970 Victory Boulevard, Staten Island",2670 Coney Island Ave,86
Crown Chicken Peri Peri chicken & BBQ grill (Halal),Korean BBQ Restaurant,86,"1970 Victory Boulevard, Staten Island",2670 Coney Island Ave,86
King Gyro,King Chinese Restaurant,86,"1970 Victory Boulevard, Staten Island",2670 Coney Island Ave,86
Round Pie Pizza Company,Pizza,90,"1957 Victory Boulevard, Staten Island",2670 Coney Island Ave,86
Yummy Cuisine,Yummy Yummy,95,"1980 Victory Boulevard suite 2, Staten Island",Cristofordo Columbo Boulevard,86
Number One Chinese Restaurant,Number One Chinese Restaurant,100,"2003 Victory Boulevard, Staten Island",2670 Coney Island Ave,86
In Fine Fettle,Step In Lounge and Restaurant,86,"961 Jewett Avenue, Staten Island",196 23 Jamaica Avenue,86
Yang Didi,Yang No. 1 Asian Restaurant,86,"183 Port Richmond Avenue, Staten Island",Richmond Avenue,90
Cuautla Morelos restaurant,Restaurant,90,"185 Port Richmond Avenue, Staten Island",Richmond Avenue,90
New Dinette Restaurant,Restaurant,90,"187 Port Richmond Avenue, Staten Island",Richmond Avenue,90
Goody's Spanish Food,Goody's,90,"201 Port Richmond Avenue, Staten Island",Richmond Avenue,90
MI ARMADILLO GRANDE,Mi Barrio Taqueria Restaurant,86,"1569 Castleton Avenue, Staten Island",196 23 Jamaica Avenue,86
No.1 Chinese Kitchen,No. 1 Chinese Kitchen,98,"209 Port Richmond Avenue, Staten Island",Richmond Avenue,90
Taqueria La Roqueta,Mi Barrio Taqueria Restaurant,86,"226 Port Richmond Avenue, Staten Island",Richmond Avenue,90
Recuerdos Mexicanos,Recuerdos Mexicanos Restaurant,90,"232 Port Richmond Avenue, Staten Island",Richmond Avenue,90
San Mateo Restaurant,Restaurant,90,"246 Port Richmond Avenue, Staten Island",Richmond Avenue,90
Piccolo Pinos Pizzeria,X-tra Cheese Pizzeria & Restaurant,86,"275 Port Richmond Avenue, Staten Island",Richmond Avenue,90
Sayori,Saporito Pizza & Restaurant,75,"1440 Forest Avenue, Staten Island",Forest Avenue,90
Yolpaqui Taqueria,Mi Barrio Taqueria Restaurant,86,"1431 Forest Avenue, Staten Island",Forest Avenue,90
Wing Rite,Wing xin chinese restaurant,86,"1419 Forest Avenue, Staten Island",Forest Avenue,90
Garlic Po-Boys,Three Boys From Italy,86,"1419 Forest Avenue, Staten Island",Forest Avenue,90
Shawafel House,Hunan House Chinese Restaurant,86,"1419 Forest Avenue, Staten Island",Forest Avenue,90
Tropical Smoothie Cafe,Cafe 47,86,"1407 Forest Avenue, Staten Island",Forest Avenue,90
Lunchbox,Lunchbox Food Co.,90,"1612 Forest Avenue, Staten Island",Forest Avenue,90
O'Neill's Staten Island,O'Neill's,90,"1614 Forest Avenue, Staten Island",Forest Avenue,90
Boba Le Tea Cafe,Cafe 47,86,"1396 B Forest Avenue Right behind Cricket Wireless, Staten Island",Forest Avenue,90
Empire Szechuan,Empire Szechuan,100,"1495 Forest Avenue, Staten Island",Forest Avenue,90
La Bella Pizza,La Bella Pizza,100,"1499 Forest Avenue, Staten Island",Forest Avenue,90
China New Star,China New Star,100,"1640 Forest Avenue, Staten Island",1640 Forest Ave,90
Mike's Olympic Grill Diner,Diner,90,"1637 Forest Avenue #2229, Staten Island",Forest Avenue,90
Gino's,Gino's Pizzeria,90,"1351 Forest Avenue, Staten Island",1351 Forest Ave,90
charcoal bbq,Korean BBQ Restaurant,86,"1351 Forest Avenue, Staten Island",1351 Forest Ave,90
Miyabi II Asian Fusion,Taipan Fusion Restaurant and Hookah Lounge,86,"1348 Forest Avenue, Staten Island",Forest Avenue,90
Lobito Restaurant,Lo-to Restaurant,91,"330 Heberton Avenue, Staten Island",196 23 Jamaica Avenue,86
San Miguel,Pizza's San Miguel,90,"680 Cary Avenue, Staten Island",311 Avenue X,86
Mayanoki,Maya,90,"620 East 6th Street, New York",St 6,90
Grape and Grain,Ghoroa Sweets and Restaurant,86,"620 East 6th Street, New York",St 6,90
Sake Bar Satsko,El Morro Restaurant & Bar,86,"202 East 7th Street, New York",New York,90
Horus Cafe,Stars Cafe & Restaurant,86,"93 Avenue B, New York","New York, New York",95
Ciao Pasta NYC,The NYC Bull - Restaurant & Rotisserie,86,"103 Avenue B, New York","New York, New York",95
Sunny & Annie's Deli,Deli,90,"94 Avenue B, New York","New York, New York",95
Gruppo Thin Crust Pizza,CRUST,90,"98 Avenue B, New York","New York, New York",95
San Loco,San Soo Kap San,86,"111 Loisaida Avenue, New York",New York,90
Alphabet City Beer Co.,China City,86,"96 Loisaida Avenue, New York",New York,90
Bobwhite Counter - Alphabet City,Green City Restaurant,86,"94 Loisaida Avenue, New York",New York,90
Oda House,Hunan House Chinese Restaurant,86,"76 Avenue B, New York","New York, New York",95
panacea,Paname,77,"102 Loisaida Avenue, New York",New York,90
Avenue C,Avenue C Restaurant,90,"102 Loisaida Avenue, New York",New York,90
Lavagna,Lavagna,100,"545 East 5th Street, New York",New York,90
Casa Adela,Casa Adela,100,"66 Loisaida Avenue, New York",New York,90
Kafana,Okfana Restaurant,75,"116 Loisaida Avenue, New York",New York,90
Black Iron Burger,Burger King,86,"540 East 5th Street, New York",New York,90
Tuome,El Buen Gusto Mexican Restaurante,72,"536 East 5th Street, New York",New York,90
The Summit Bar,El Morro Restaurant & Bar,86,"133 Loisaida Avenue, New York",New York,90
New Chinatown,New Chinatown,100,"11 Avenue D B, New York","New York, New York",95
Royal Fried Chicken,Port Royal Jamaican Restaurant,86,"13 Avenue D, New York","New York, New York",95
Lam Hau Kam,Kam Kuo Restaurant,86,"71 Columbia Street, New York",New York,90
Avenue D Pizza,Pizza Pizza,95,"15 Avenue D, New York","New York, New York",95
Columbia Pizza,Pizza Pizza,95,"51 Columbia Street, New York",New York,90
